id,first_name,last_name,email,ip_address,password
1,Viv,Saffer,vsaffer0@economist.com,68.226.19.82,gI4#K/+#~VV
2,Meryl,Edleston,medleston1@ucla.edu,148.227.253.10,uE2?#7*P2'}
3,Brodie,Gilbride,bgilbride2@eepurl.com,131.17.64.90,tT4/UJgZVfX
4,Shay,Syme,ssyme3@weibo.com,148.28.68.248,aN2/J)SeJbL
5,Mahalia,Crabb,mcrabb4@privacy.gov.au,97.197.0.81,eC8\j4s1a2l'_
6,Roy,Damsell,rdamsell5@domainmarket.com,195.63.65.114,gS3?\i%l2z
7,Tab,Bovey,tbovey6@bing.com,154.113.72.193,zK3|bMB6A
8,Annette,Blundin,ablundin7@baidu.com,162.179.87.210,fR7=bu42L%%pPj
9,Aube,Delatour,adelatour8@independent.co.uk,86.30.234.81,oQ5_wKc+cp
10,Alistair,Kitchenman,akitchenman9@amazon.co.jp,154.46.163.65,bY7'rVgF|
11,Flora,Setch,fsetcha@sakura.ne.jp,249.143.5.170,sH9%t=#ET!h@\9P
12,Miltie,Dionisi,mdionisib@live.com,232.76.85.30,"xS1.@w#""Wqhj""wQ"
13,Rory,Craddy,rcraddyc@yahoo.co.jp,119.213.103.139,rF2+Lp>M.qD
14,Thalia,Bellefant,tbellefantd@unicef.org,245.59.182.68,tF1?J<zp
15,Wallis,Pendreigh,wpendreighe@shutterfly.com,15.136.116.30,"uY0%_Um}l#y8$"""
16,Wynn,Shercliff,wsherclifff@youtube.com,146.82.163.15,zN6~XOi*(N
17,Caryn,Redsell,credsellg@spiegel.de,226.226.147.142,iT3?$npz|h
18,Maureene,Hallsworth,mhallsworthh@facebook.com,149.211.234.148,eB6!On#7FR{=6
19,Marillin,Quiddinton,mquiddintoni@latimes.com,42.154.77.190,uP1`'GcJH
20,Kally,Keoghane,kkeoghanej@sun.com,105.223.176.148,aJ6!i.Ci
21,Erica,Boik,eboikk@msu.edu,41.152.121.220,fM9?|nRbu.O
22,Gerty,Ace,gacel@tiny.cc,202.45.43.78,"yE7,y$K$N8?"
23,Kimberlyn,Peal,kpealm@npr.org,76.192.202.128,jZ5&3`=j/|
24,Giuditta,McGourty,gmcgourtyn@ovh.net,58.70.124.200,"dJ2""'Zoe"
25,Rubie,Janeczek,rjaneczeko@theglobeandmail.com,239.211.193.183,cE9~WIRo
26,Yetta,McNiff,ymcniffp@eventbrite.com,243.170.119.90,dC1<bjB.2}y
27,Dodie,Kilpatrick,dkilpatrickq@uol.com.br,165.78.255.89,eA3|EsV+=@D%Io/D
28,Zsa zsa,Garnar,zgarnarr@vk.com,124.89.78.5,"nG7#,SaZhz/&zg"
29,Alfonso,Clelle,aclelles@google.co.jp,87.21.246.163,uO8`=z?7f
30,Sherlock,Itscowicz,sitscowiczt@who.int,123.206.106.13,rE2*`YA#}vRJpy{)
31,Sandro,Maasze,smaaszeu@pcworld.com,202.54.118.52,dS4%zXuXBX
32,Angelia,Priden,apridenv@amazon.co.uk,129.20.23.171,zZ4=F5au
33,Theodora,Lavallie,tlavalliew@tinyurl.com,211.255.203.216,"qF3/PR8,,*"
34,Nevins,Burnhams,nburnhamsx@ucoz.ru,167.112.67.199,"rE8$)DgV.1$F""""f"
35,Jessie,Daft,jdafty@google.com.hk,122.228.141.22,"lZ8_W``""</Sz.j#"
36,Finlay,Riddich,friddichz@springer.com,60.31.192.229,"wM0!WGkJ,KBl_"
37,Amery,Baus,abaus10@bloglovin.com,63.17.32.254,dN4\tU\l|
38,Norman,Orringe,norringe11@mtv.com,251.34.62.180,sB4$ha6W2
39,Field,Orleton,forleton12@rambler.ru,66.207.149.3,dR3>}6`#}
40,Dacy,Cornil,dcornil13@cocolog-nifty.com,91.27.91.132,"jE6,Kh/pq>T"
41,Giuseppe,Vurley,gvurley14@mozilla.com,33.248.196.41,fS6./KQ_k=
42,Winnah,Penhaleurack,wpenhaleurack15@wufoo.com,98.252.60.203,kK8*7o7LA|+
43,Pansy,Shingler,pshingler16@aol.com,84.125.101.200,yZ5+U+R7LJC
44,Margareta,Cotilard,mcotilard17@sphinn.com,167.173.222.13,"lL9=m0,b_#"
45,Marty,Charge,mcharge18@github.com,97.87.106.90,eR6|Z*cEQ({b
46,Sarene,Kester,skester19@state.gov,148.238.47.163,aV7.d>0J'T`U+.Iu
47,Grazia,Bridgman,gbridgman1a@123-reg.co.uk,45.97.169.120,iU1'vtt~
48,Belicia,Symmons,bsymmons1b@globo.com,112.229.220.134,zZ2@z?S9eyhR}_+&
49,Averil,Dorro,adorro1c@typepad.com,172.125.73.31,"aN9""~pthB"
50,Starlene,Carlile,scarlile1d@t-online.de,213.230.154.33,lU0&OU\}UK8F_
51,Micaela,Manlow,mmanlow1e@free.fr,139.9.32.47,"iI9>""e49"
52,Catharina,Perello,cperello1f@npr.org,150.180.26.232,eD5_*MUmqz*f{I~
53,Ewart,Sidnall,esidnall1g@nps.gov,188.89.85.45,eH3)%33\8
54,Constancia,Whitlock,cwhitlock1h@usda.gov,79.135.103.161,oP4|f254G@5
55,Dory,Fri,dfri1i@loc.gov,88.95.215.115,rW9_bZ)FY
56,Conrado,Nickerson,cnickerson1j@istockphoto.com,164.141.30.16,"kE7?c"",r&mv/s0"
57,Riane,Marran,rmarran1k@mlb.com,37.186.173.182,gQ8'aHRS\IS?
58,Ruperto,Braim,rbraim1l@slate.com,151.18.207.171,uG9&vTabLX@C9PI?
59,Etta,Quinby,equinby1m@plala.or.jp,142.132.167.167,mW4(0ZfFg
60,Worthington,Sparway,wsparway1n@drupal.org,1.100.142.115,"tB2}&(o?*""O3oX4/"
61,Suzi,D'Acth,sdacth1o@wikipedia.org,91.200.204.179,wV3@z)y9`)U
62,Jillie,Gheraldi,jgheraldi1p@blogger.com,224.36.7.204,xE7{/yG+dd
63,Anitra,Hayhurst,ahayhurst1q@tripod.com,72.2.152.186,xT5+VhsD6B=
64,Chic,Alleyn,calleyn1r@studiopress.com,33.172.97.89,nX9`aT_ax)~l=@tY
65,Edy,Dat,edat1s@mapy.cz,103.182.45.151,eD6$q5`$l}NTr
66,Yvette,Kett,ykett1t@bloglovin.com,59.69.17.173,oG6&v2dE'
67,Doti,Feeham,dfeeham1u@dell.com,12.174.200.171,nN2+9Ro.V
68,Uta,Geroldi,ugeroldi1v@sciencedirect.com,109.26.132.61,"qS7""gz&}?Q"
69,Bailey,Mungham,bmungham1w@washingtonpost.com,24.235.55.228,pA0*qF4h2{{NW>_
70,Alethea,Scaife,ascaife1x@cdc.gov,185.33.240.116,"pJ0*'+iF+){v,"
71,Laverna,Varney,lvarney1y@goo.ne.jp,62.2.24.1,lM8)%Uv=tI$n4?cb
72,Toiboid,Menichi,tmenichi1z@utexas.edu,234.188.224.58,dP4\mSI.
73,Bartel,Pawlicki,bpawlicki20@scribd.com,40.79.148.14,vL4\\F3fC&*%
74,Malchy,Marte,mmarte21@chron.com,175.81.8.16,iG5?~I$|qXd#
75,Belicia,Farbrother,bfarbrother22@usda.gov,173.186.105.227,yQ8#J8|C!z
76,Rafaellle,Ondrich,rondrich23@comcast.net,42.42.179.216,"kG6,#khNB4w"
77,Shem,Vasyutochkin,svasyutochkin24@etsy.com,99.53.44.171,wJ4'kEtFOR~
78,Mindy,Gilders,mgilders25@clickbank.net,102.98.193.15,"oK0""C9o.ljkEF|Gf"
79,Elle,Bambrough,ebambrough26@deviantart.com,35.170.187.200,"yN3{,JPaS!&m"
80,Janel,Dinjes,jdinjes27@chronoengine.com,224.19.236.143,hL2}_?F9@{>_c
81,Franny,Wimpenny,fwimpenny28@cpanel.net,54.35.234.170,eA3{|JY0
82,Alfonse,Kuhle,akuhle29@whitehouse.gov,81.131.129.208,uP5%%R/kh\
83,Pincas,Skippen,pskippen2a@house.gov,144.182.67.61,"uZ7>lTt""1)W/s~R"
84,Fitzgerald,Wethered,fwethered2b@omniture.com,98.68.211.235,rP3#H}2VBA>E/|`
85,Otto,Astin,oastin2c@salon.com,36.95.241.249,uL8$kID6
86,Amelia,Culley,aculley2d@aboutads.info,126.196.43.169,yW5}AeDs
87,Sallee,Mullord,smullord2e@engadget.com,210.168.152.46,dM6<93X|vY
88,Colette,Quinney,cquinney2f@paginegialle.it,203.209.150.234,cN7$kHG)AD!h
89,Cordi,Sabbin,csabbin2g@netvibes.com,5.123.253.18,oY5@oYS3uk7|Xj
90,Ossie,Maile,omaile2h@blogtalkradio.com,250.203.241.228,aB3'!mc>H
91,Vin,Rames,vrames2i@hc360.com,80.110.202.57,uJ7.9PZ(@
92,Roland,Frankel,rfrankel2j@ow.ly,30.199.38.143,vA1|TowG2.
93,Bethany,McPaik,bmcpaik2k@creativecommons.org,57.83.141.194,"zL2{8,xW4M"
94,Shir,Storrie,sstorrie2l@zimbio.com,127.28.175.95,yI8(V@w2GAcOr
95,Liam,Richemond,lrichemond2m@wordpress.com,203.41.116.142,qV9}\gX``caB1R
96,Angil,Dingle,adingle2n@cisco.com,100.240.18.106,"tQ3{,{V5dD"
97,Klarrisa,Tumini,ktumini2o@jugem.jp,141.17.226.252,cW6=5}A{k`q~v@
98,Kellie,Ewens,kewens2p@icio.us,181.103.40.110,uE0=F=Z}EVZ<w
99,Carole,Gunner,cgunner2q@abc.net.au,124.225.121.135,zN4@*xo=0SAnS}(}
100,Kristoforo,Reynold,kreynold2r@mac.com,48.48.208.114,vM1.hUA|XZfj29jb
101,Georgi,Sousa,gsousa2s@sogou.com,211.93.253.192,"pD4}d>lcKRr""Kh>"
102,Zeke,Battaille,zbattaille2t@un.org,31.155.147.1,tJ8%v_luf4ji=_y
103,Rutledge,Pinnere,rpinnere2u@ezinearticles.com,243.156.107.179,pN3$~e=JUXcZ
104,Arlin,Webb-Bowen,awebbbowen2v@blogtalkradio.com,146.159.196.103,"xH7%$'IoC=`J0d?"""
105,Lacey,McCorkindale,lmccorkindale2w@google.co.jp,253.220.154.141,vM6$&a?<~Ov6\m{
106,Gaylor,Philpin,gphilpin2x@blogger.com,242.203.84.82,zK1>S>3I5sF
107,Sullivan,Aksell,saksell2y@chron.com,204.208.111.62,zV6|FOp0YGxCBP
108,Lorne,Fadian,lfadian2z@goo.ne.jp,230.58.158.112,lR5_IqnA3D#
109,Caressa,Gai,cgai30@w3.org,86.213.122.107,sO1/$pGJe5
110,Hedi,Lock,hlock31@unblog.fr,44.62.6.255,hN5@C_HFwNXn~~
111,Carissa,Harrill,charrill32@columbia.edu,128.118.161.31,xY9~oT#>%7&
112,Annie,Franceschelli,afranceschelli33@topsy.com,90.203.14.25,iZ3{@>wnW5HLu@}g
113,Ellyn,Rymmer,erymmer34@java.com,233.20.233.225,oS5>an96Bi0w(L
114,Natassia,Leckenby,nleckenby35@ucoz.com,140.206.240.49,uR7\r4ByMvSq.*
115,Alika,Callaby,acallaby36@sina.com.cn,131.11.70.42,uZ1?'&dw!
116,Gertrud,Gawkes,ggawkes37@buzzfeed.com,251.78.255.117,"qT3,i_|tO9\*i"
117,Dolf,Hurton,dhurton38@i2i.jp,120.240.165.42,"cX3,lkx02fcb"
118,Fabiano,Cordrey,fcordrey39@ovh.net,183.73.226.223,oJ4|{/R&
119,Tabina,Freiberg,tfreiberg3a@tripadvisor.com,155.5.28.10,yJ6=P&W2dh7sQO0
120,Archy,Srutton,asrutton3b@t.co,129.171.166.244,"hD3""!Y,'+X"
121,Row,Ruggen,rruggen3c@elpais.com,155.195.235.250,yI4@zIug.\w*mx~
122,Nanci,Faas,nfaas3d@uol.com.br,46.230.164.137,"dZ8,TJCsVO2abd>"
123,Miner,Dunks,mdunks3e@washington.edu,52.45.129.196,kN5\We`>YvK
124,Arron,Lochead,alochead3f@people.com.cn,207.52.246.59,cS0%f@e!tR<O~
125,Eb,Kemmet,ekemmet3g@blog.com,229.236.230.19,"xN4|""BMSuB"
126,Karalee,Hammerberger,khammerberger3h@google.co.jp,173.136.189.217,hR5}irEB
127,Salome,Zanetto,szanetto3i@comcast.net,233.13.51.201,kD7$e8OD7x#j5>
128,Gary,Haseley,ghaseley3j@harvard.edu,140.188.102.35,wA0'x>7e2
129,Gregoor,Marzellano,gmarzellano3k@tripadvisor.com,46.242.123.103,oB3+V$p'X!(7F#
130,Skelly,Crane,scrane3l@issuu.com,15.15.252.236,"bX2}""oDaj0u"
131,Archie,Burle,aburle3m@dmoz.org,6.60.51.63,vO8=va08IVXjnmj
132,Lonee,Phillps,lphillps3n@weibo.com,15.124.101.187,lF2#MUD}*CK$hA
133,Freddy,Kobera,fkobera3o@elpais.com,238.176.149.50,"vS5*g""S=jIW67"
134,Lissi,Helstrom,lhelstrom3p@cnet.com,163.253.190.20,hF6&?Sh1o\uNX=Im
135,Aprilette,Sainsbury-Brown,asainsburybrown3q@spiegel.de,105.172.243.20,iO0(x\|8zS3eWP>
136,Iorgo,Bea,ibea3r@hostgator.com,49.165.2.61,eU2_O=v@.6u/
137,Selle,Cauldwell,scauldwell3s@rakuten.co.jp,215.117.9.219,nL4?|6m2
138,Lev,Jesteco,ljesteco3t@amazon.co.jp,225.60.237.200,hN1/*F(RGvM$oG@
139,Agosto,Weymont,aweymont3u@barnesandnoble.com,194.29.202.217,jX4@}\?.q
140,Charlotte,Matiebe,cmatiebe3v@google.com.hk,71.134.191.1,xR4%ZEaZ
141,Hildegaard,Harbinson,hharbinson3w@discuz.net,52.172.162.183,"zI5*|X,*IMTiMAx"
142,Jenine,Clausson,jclausson3x@wsj.com,20.165.169.18,xE7#<}S$?
143,Kathye,Mazella,kmazella3y@dropbox.com,127.162.15.91,tU1=oCv8$.t
144,Marja,Witherop,mwitherop3z@mozilla.org,16.40.148.196,pG3\~VB5
145,Aristotle,Dellenbroker,adellenbroker40@slideshare.net,34.101.232.27,fC2+6)yg>H}yKo
146,Skippy,Fry,sfry41@springer.com,13.81.215.101,"wE2`3Ql>+,i+t"
147,Pauly,Brend,pbrend42@upenn.edu,220.192.121.223,mZ8+~V#{zI
148,Giordano,Auston,gauston43@sfgate.com,0.161.97.123,"jJ9}Q9Dz`S,l"
149,Morly,Tyt,mtyt44@imgur.com,29.150.205.240,"fI3,lT!8z"
150,Saloma,Ruben,sruben45@ifeng.com,1.182.198.176,sX2'|//8Rn)SU
151,Alfie,Devereux,adevereux46@sun.com,222.34.97.72,xE1/9Q&X
152,Vance,Lazenbury,vlazenbury47@360.cn,192.214.117.178,gL9*J)~>7o8
153,Shayne,Artrick,sartrick48@smh.com.au,78.252.74.39,gS1/CQ3VZx
154,Pru,Pankethman,ppankethman49@blogger.com,145.84.17.76,"aA0(*<G1,npK2"
155,Stearn,Witham,switham4a@apache.org,247.100.177.30,aI2&{he<=By+Qq8P
156,Ford,Nuschke,fnuschke4b@1und1.de,67.157.107.53,nQ0?K5F.Cz
157,Antons,Leijs,aleijs4c@friendfeed.com,245.179.25.132,vX6(N=Bd0v'
158,Karen,Carrington,kcarrington4d@vk.com,128.240.216.65,"iU8)E)z+wa!DStM"""
159,Phillis,Ramirez,pramirez4e@unesco.org,77.166.59.8,hH5)TSzV}>
160,Ahmad,Torfin,atorfin4f@ed.gov,133.135.78.145,zH4\dEQeFpOt#)C
161,Aloysia,Schoolfield,aschoolfield4g@over-blog.com,198.201.23.232,"oH2.rn!""y6$w0"
162,Jarid,Edinburough,jedinburough4h@livejournal.com,124.184.84.236,qQ5%C~RP\'
163,Bay,Avrahamian,bavrahamian4i@narod.ru,34.246.251.81,mM8$@0SEu
164,Chevy,Golsthorp,cgolsthorp4j@qq.com,227.161.252.191,"vZ3/1',8"
165,Gordon,Crevy,gcrevy4k@ameblo.jp,88.51.247.29,xV6=q1?L3FFRw_I
166,Elfie,Phalp,ephalp4l@wordpress.com,210.252.1.202,lH0_zkv}<*M
167,Radcliffe,Daish,rdaish4m@tinypic.com,142.53.125.137,nL3)M<q@gttmbFS
168,Marylou,Hounsome,mhounsome4n@symantec.com,36.58.4.160,hV7{k|M>)qlo*1p
169,Dawn,Gartland,dgartland4o@smh.com.au,86.113.45.165,wM6&JA&W
170,Ware,Heugle,wheugle4p@umn.edu,206.2.185.69,"zS7""kxFa_g0"
171,Yolane,Avey,yavey4q@tripod.com,232.214.160.27,bU2>z_C0+3BMVu
172,Valaree,O'Feeney,vofeeney4r@mozilla.com,116.223.94.91,xZ7/L{SG$QadJJ
173,Jolynn,Audritt,jaudritt4s@vistaprint.com,217.64.30.228,pU0>LT\LC2XMz&J9
174,Korry,Boughey,kboughey4t@topsy.com,33.102.3.192,mL0?*/iw
175,Alden,Etherington,aetherington4u@google.com.hk,2.101.18.245,"wL4_eGwFw+t68""RP"
176,Hollis,Cloney,hcloney4v@ed.gov,147.197.155.92,eW5%`B~uNVh3f$
177,Juliana,Zecchi,jzecchi4w@wikimedia.org,240.195.174.64,nC7\{nAF\)D+`!
178,Irena,Brunotti,ibrunotti4x@pcworld.com,72.72.166.87,nR6#sz$4C*f
179,Jocelin,Minerdo,jminerdo4y@fema.gov,190.141.14.107,lS6{UP@lHjXH&L
180,Ynes,Sleightholme,ysleightholme4z@hao123.com,38.31.201.149,eV1_f#9_
181,Monte,Attewell,mattewell50@spotify.com,1.68.58.36,"pB9/d""'8U"
182,Augustine,Puddicombe,apuddicombe51@gizmodo.com,178.196.124.53,dV1~YYff.>6q!}sB
183,Dex,Looker,dlooker52@e-recht24.de,70.167.100.187,eN6#<jy9)&z
184,Erhard,Lindfors,elindfors53@gnu.org,243.4.150.119,hO5|)5_WkGT=
185,Britteny,Bales,bbales54@youku.com,251.142.142.206,kR6}Ui.Xk}BQ\XXF
186,Danica,Chisholme,dchisholme55@uiuc.edu,51.29.25.188,sK6*/>UL=w
187,Casi,Everal,ceveral56@bloglovin.com,92.188.67.84,tL7}&9lyT>kGu
188,Ruthy,Emmert,remmert57@netlog.com,9.219.121.255,oE4$YaEM
189,Emalee,Beccles,ebeccles58@businessinsider.com,208.133.44.18,sK8#j)}B\Av*pbh
190,Jorgan,Blaylock,jblaylock59@nasa.gov,68.136.218.50,qM8\qCFS%xqVu
191,Aubry,Deplacido,adeplacido5a@goo.ne.jp,223.221.91.120,oH2`lA{_
192,Jereme,Causier,jcausier5b@blogger.com,149.227.58.193,oR8=j!i<NW'hRBW
193,Veronica,Pietsma,vpietsma5c@state.gov,91.137.255.83,zG4.lygtJ7OtR$'w
194,Guntar,Flipek,gflipek5d@blinklist.com,200.217.89.131,lJ5$dVpWc%@R
195,Gretna,Bernardino,gbernardino5e@nps.gov,132.129.204.158,xG4(hbKTN
196,Adah,Paice,apaice5f@freewebs.com,111.214.253.74,hV4!A?W9UA_QFpW
197,Jared,Maddocks,jmaddocks5g@miitbeian.gov.cn,10.118.27.177,nH3\+/&i
198,Page,Iredale,piredale5h@dot.gov,224.234.223.209,"cN2,?=E8D`}"
199,Margy,Newband,mnewband5i@gnu.org,54.199.179.255,eC1@Qu6X6xYiU9R
200,Etta,Linstead,elinstead5j@gravatar.com,163.217.2.233,"zU8{,FjZ"
201,Aguie,Rabson,arabson5k@printfriendly.com,99.185.96.254,"aE0$F""bXc"
202,Jefferey,Marler,jmarler5l@google.it,6.136.54.70,"uY8_h""$D%I/eQ("
203,Kathryn,Wandtke,kwandtke5m@pinterest.com,98.182.247.177,xP2~Vh|xi
204,Steffie,Fyers,sfyers5n@hao123.com,245.205.43.58,jM8+XxxNCEQ2P?%
205,Haze,McCathie,hmccathie5o@uiuc.edu,244.253.192.179,iY2+bt4?$(s<FxD0
206,Kaye,Coghill,kcoghill5p@tamu.edu,236.14.43.79,"aI8#N|+=""p%<1s@"
207,Norby,Coultass,ncoultass5q@indiatimes.com,45.225.78.247,"oW1#qGN<ho"".u%"
208,Davey,Joll,djoll5r@theglobeandmail.com,161.166.179.109,bY9#3L{''95l6
209,Cordy,Lineen,clineen5s@npr.org,108.250.112.213,sA4$$u@\
210,Jackqueline,Leyden,jleyden5t@miibeian.gov.cn,251.125.247.213,nR4/_}&P>Z~4GS=x
211,Barry,Bagger,bbagger5u@loc.gov,245.59.5.93,jQ4&k7HuJ/
212,Shae,Ramas,sramas5v@hc360.com,159.58.154.143,"iN4}c""|iW3ig"
213,Susette,Hallihane,shallihane5w@ning.com,126.182.158.195,kO5?lV4rC0
214,Leroi,Gebbie,lgebbie5x@apple.com,59.209.107.53,mA8)zc&35V9
215,Cinderella,Antrack,cantrack5y@delicious.com,196.98.31.82,"pQ7|}gLQls2de""t"
216,Pate,Petroff,ppetroff5z@samsung.com,140.155.90.42,"uS3=qVx*7.n/,"
217,Madelyn,Defau,mdefau60@hud.gov,229.105.140.103,"oN0""D3XJNWXi"
218,Shawn,LLelweln,sllelweln61@t.co,96.52.77.149,"gK9~qp,=E"
219,Sarah,Barnwill,sbarnwill62@angelfire.com,127.148.13.49,qM4|VWcxX0K2cB
220,Lu,Heistermann,lheistermann63@wisc.edu,160.69.178.4,nJ3_2lLh8|nzXye
221,Dollie,Fussell,dfussell64@sciencedaily.com,86.42.140.205,gE4(/m~`3Irig'p
222,Lexis,Derrell,lderrell65@google.co.uk,173.248.248.17,iT1<b3#qofZ
223,Ellerey,Michelmore,emichelmore66@dion.ne.jp,208.29.168.237,"yE3\N~7)xwn,"""
224,Sal,Vagges,svagges67@adobe.com,238.239.116.37,"uU3@Ef""{AI}F|"
225,Godfree,Keech,gkeech68@paginegialle.it,208.146.156.176,qG6.j9=f'##
226,Jody,Bortoletti,jbortoletti69@si.edu,69.225.174.26,"gA2,x{Zc"
227,Joann,Plomer,jplomer6a@homestead.com,189.28.185.106,fE5%9OBJ0
228,Ronnie,Seeger,rseeger6b@mashable.com,82.205.234.112,jQ9\c?$EEGU@$$#`
229,Phyllis,Doodson,pdoodson6c@parallels.com,71.230.113.63,tP0<C9!g'\2}O>}
230,Bucky,Lally,blally6d@livejournal.com,147.122.112.111,rO9|ZS%2@L_
231,Gilburt,Giaomozzo,ggiaomozzo6e@feedburner.com,29.149.236.62,rQ2'IE}qTG
232,Giuditta,Rubenovic,grubenovic6f@harvard.edu,180.190.131.194,vI9\I{\'<PvuH/T)
233,Leola,Escale,lescale6g@reference.com,97.153.22.64,gZ6%dz1&vkF'dAT
234,Shayna,Harbertson,sharbertson6h@amazon.com,215.44.183.252,"mP0""aiE>%$y1v_Sm"
235,Kelsey,Mordanti,kmordanti6i@dropbox.com,26.17.40.231,iW2}1fXDg
236,Marieann,Mansour,mmansour6j@sbwire.com,250.159.134.194,fV3&VXx\kEMyAS~
237,Miran,Fownes,mfownes6k@cnbc.com,243.80.31.248,jD9_$wQ!*yMt<
238,Janos,Tremaine,jtremaine6l@goo.ne.jp,11.69.85.234,yU0+G8Pg<c
239,Arnuad,Perrett,aperrett6m@japanpost.jp,243.210.22.204,lZ9$alB1=%a
240,Maxie,Leer,mleer6n@ucoz.ru,249.116.191.150,"tL9.4,n\m}jPIO"
241,Lira,Jakoub,ljakoub6o@oakley.com,172.120.198.128,dY2~pQ$$8/<9(
242,Sallie,Wimlett,swimlett6p@smh.com.au,8.123.123.190,zM3/95Zmi(
243,Barnabas,McLinden,bmclinden6q@yale.edu,227.31.120.182,mT1#R*@.6$s
244,Randee,Kilduff,rkilduff6r@gnu.org,28.206.227.192,xO4!F`vIN<_3z
245,Rosamund,Tye,rtye6s@blinklist.com,42.208.204.185,"jL7{f#Nx1UKKl""P|"
246,Peirce,Lusher,plusher6t@reddit.com,187.19.222.65,kI6<}yK/
247,Jarrett,Logue,jlogue6u@vkontakte.ru,35.125.77.11,nU4`F7uPefP&w5
248,Julina,Vanichkov,jvanichkov6v@xrea.com,55.222.163.89,pG5\0A}{
249,Tim,Readhead,treadhead6w@mozilla.org,97.227.113.187,gQ5=uCiu
250,Bernard,O'Connel,boconnel6x@utexas.edu,109.45.99.176,uH1$HS.k(Xx
251,Rob,Follitt,rfollitt6y@huffingtonpost.com,174.112.101.104,kJ6_Kbb#j&F.
252,Minor,Bellerby,mbellerby6z@blinklist.com,78.180.165.241,nI0?2Jj?M
253,Daphna,Powland,dpowland70@hostgator.com,6.218.39.16,jZ3*'NF'
254,Kilian,Fusedale,kfusedale71@elpais.com,180.186.202.4,"fU3>c1,u93"
255,Candie,Polo,cpolo72@instagram.com,201.136.112.89,"jH5""I,=p9~|+"
256,Marshall,Petrou,mpetrou73@bloglovin.com,230.167.241.226,lY2`$*IL/
257,Olenka,Biasini,obiasini74@studiopress.com,236.103.206.93,oG4)=.#7XAW+r
258,Virgina,Woodus,vwoodus75@timesonline.co.uk,235.54.24.142,mJ1>pHt!v@d
259,Georgeanna,Cannam,gcannam76@fastcompany.com,230.101.245.92,"aO9,\PXF7wUEbC"
260,Benedicto,Ough,bough77@dot.gov,65.247.39.148,iC3|n17nG
261,Gracie,Ballard,gballard78@jalbum.net,119.94.0.157,cA8~*uDOx.x\bl
262,Jamil,Bysaker,jbysaker79@meetup.com,222.54.3.138,"wP4@00eVzO=zn,hR"
263,Aurelea,Shackel,ashackel7a@upenn.edu,40.86.216.54,eT6\GinEp
264,Chelsy,Lister,clister7b@qq.com,244.0.214.90,gY4$T8#W)w`v'
265,Benton,Perrin,bperrin7c@census.gov,77.242.110.157,"zM4>IQ"""""
266,Catharine,Garrud,cgarrud7d@hc360.com,115.75.18.38,wM3!N.wfmwn
267,Basilio,Bluschke,bbluschke7e@sfgate.com,20.82.70.248,yD7!~mB`
268,Emmy,Breagan,ebreagan7f@ibm.com,17.12.136.231,fW2/<wfmR_/vE
269,Itch,Meeron,imeeron7g@privacy.gov.au,114.201.165.121,eK2=9ghiw=Xt$@E
270,Mae,Manion,mmanion7h@addthis.com,253.30.213.85,"lI9,<K`(A'lG6"
271,Paulie,Laurens,plaurens7i@bigcartel.com,33.225.32.160,vW6.Sj0x_(G>
272,Niko,Stocking,nstocking7j@sohu.com,240.222.236.14,"vZ3/p`i,(2}N"
273,Ara,Semaine,asemaine7k@networksolutions.com,29.200.122.32,"rP0,zDXhrU,PEQ&@"
274,Cecil,Titherington,ctitherington7l@sun.com,90.147.245.160,bZ2(S+WHLA6
275,Alard,Rundle,arundle7m@issuu.com,133.231.253.35,"hR7'>eQ{""o+Unk"
276,Norbert,Enderby,nenderby7n@jiathis.com,92.29.169.84,wH3$d\H5I
277,Rosy,Greader,rgreader7o@google.co.jp,84.249.165.99,rF2(85CZ#
278,Gillie,Lemmon,glemmon7p@facebook.com,154.84.19.55,cU3#uwP5?{yFl+H
279,Augustine,Oakey,aoakey7q@csmonitor.com,102.22.251.74,sR1!LM}Y
280,Lucretia,Becaris,lbecaris7r@ycombinator.com,43.99.53.223,yR5#O<Bog
281,Ilise,Sandhill,isandhill7s@zdnet.com,248.56.34.251,lW1!f(Bs'YSHn~1k
282,Ede,Fripp,efripp7t@goo.gl,139.219.204.74,uF2*NJ1g9m%C/
283,Marilyn,Klimas,mklimas7u@statcounter.com,44.99.120.201,sJ0~jF3z9E8`\
284,Brietta,Belfit,bbelfit7v@va.gov,27.111.29.72,hL5)'mlpq<q
285,Jacquie,Kosel,jkosel7w@cnet.com,186.234.81.77,hO4\?Z?vqOKp!
286,Alanna,Dumsday,adumsday7x@diigo.com,68.248.214.45,xN8/?3yYe
287,Goober,Cajkler,gcajkler7y@fema.gov,8.58.69.216,qL4}5}b#y6
288,Daffie,Keysel,dkeysel7z@google.co.uk,11.164.108.78,lC7<A=?VgBBvh&#Z
289,Tobey,Hamon,thamon80@utexas.edu,106.56.212.78,yB0&qyAd
290,Winfred,Crate,wcrate81@ow.ly,78.78.40.143,lD3'nb@bq5N5c
291,Hephzibah,Draper,hdraper82@yellowbook.com,220.40.149.102,tM5%=Gcy
292,Myrna,Juschka,mjuschka83@vimeo.com,42.41.225.120,bU8|H%Sp8
293,Ludwig,Ell,lell84@wp.com,13.223.138.208,"dP5(z'`/e#F9>0!"""
294,Desirae,Byatt,dbyatt85@google.ru,254.211.246.20,oH9>U0|gX<U<
295,Holli,Pic,hpic86@lycos.com,91.72.255.8,jH0|H2oW
296,Tomasina,Stiffell,tstiffell87@globo.com,53.10.44.226,jG8/wQ6I!
297,Roy,Firmage,rfirmage88@lulu.com,201.67.130.235,xC0@a7rmQp
298,Marjory,Graine,mgraine89@alibaba.com,212.238.75.106,dE3&ud!'K
299,Benni,Wickwar,bwickwar8a@rakuten.co.jp,207.229.186.113,hZ9}ETp7yTnJ+f#@
300,Martina,Melluish,mmelluish8b@ox.ac.uk,168.172.228.192,qK4(f`V*KA#lX_!
301,Adolpho,Pomfrett,apomfrett8c@skyrock.com,80.162.245.243,nL1$ZN/=\$N
302,Romeo,Lindstrom,rlindstrom8d@ameblo.jp,211.239.8.94,dJ4&Rw7a%#w<>*Q
303,Andrej,Conachy,aconachy8e@wikia.com,198.240.11.175,sE2$wk`%NC
304,Farrell,Chesters,fchesters8f@xrea.com,65.131.214.67,hJ6*b0Kx
305,Casey,Loncaster,cloncaster8g@biglobe.ne.jp,196.3.182.178,vS2&)wT}A
306,Dareen,Probyn,dprobyn8h@cbsnews.com,147.248.149.28,tF6)I8aTj~\TFaB
307,Panchito,Middle,pmiddle8i@amazon.co.uk,158.84.84.241,rR4<\cYQ
308,Hinze,Moores,hmoores8j@creativecommons.org,42.133.206.164,gG9+1yWX
309,Hilarius,Reddan,hreddan8k@eepurl.com,202.222.226.135,"sK4\)S9W""~6r?z"
310,Jessie,Dykas,jdykas8l@google.pl,133.215.161.55,mM1/\O=m\0
311,Padriac,Van Halen,pvanhalen8m@imdb.com,166.120.217.100,sV7?5)wrK2i_
312,Rosaline,Purshouse,rpurshouse8n@reverbnation.com,66.7.83.133,zC2)5YE7
313,Keith,Greeding,kgreeding8o@tinyurl.com,87.51.199.106,kC5`XT$1_5Z`
314,Damon,Bushrod,dbushrod8p@cdc.gov,164.86.168.1,pJ0|q%JN
315,Gwendolyn,Butte,gbutte8q@sfgate.com,86.221.154.251,sU5?R+s0OwgC)u
316,Tadio,Farnworth,tfarnworth8r@craigslist.org,24.243.120.250,cP0&|dljMl$m
317,Willy,Pudan,wpudan8s@flavors.me,62.242.8.13,hD5\!dwJRtqg'm(
318,Andy,Way,away8t@sourceforge.net,192.73.41.218,"mR9&sTZTls,GWv"
319,Lance,Geffcock,lgeffcock8u@wix.com,230.51.28.93,eQ8=t_dyA7
320,Parry,Borless,pborless8v@trellian.com,171.75.182.198,vG0%AbUCoe0HT15
321,Rennie,Greenhall,rgreenhall8w@ed.gov,163.242.250.7,cK4%|`I1PH
322,Kimberly,Merrien,kmerrien8x@t.co,222.12.51.57,gP5<$uWzOFFACc
323,Barbaraanne,Bails,bbails8y@tmall.com,142.183.96.75,"uF6+(EuM}"""
324,Aile,Grove,agrove8z@quantcast.com,106.231.114.192,yN1>s2s_PVOq
325,Jimmy,Larsen,jlarsen90@friendfeed.com,76.4.154.20,mS7\/dhiP
326,Bridgette,Peinke,bpeinke91@storify.com,93.33.171.87,tV2%>cRqEufWv
327,Ingrid,Jansens,ijansens92@mtv.com,91.152.55.253,jE5(#}{@&PNWhk?j
328,Donall,Fieldstone,dfieldstone93@ask.com,32.197.190.45,eZ9/@j$rdb
329,Omar,Fenimore,ofenimore94@merriam-webster.com,180.219.163.144,lI7/1@n=$*lP}~
330,Lionel,McLane,lmclane95@liveinternet.ru,73.6.193.71,jO7}J5wPv&ju>j{Z
331,Cindelyn,Claessens,cclaessens96@networkadvertising.org,164.186.231.251,dJ2(rvi8OX&M(7t(
332,Cornelius,Stembridge,cstembridge97@businessinsider.com,45.66.60.39,gZ6*(>kR4
333,Zechariah,Olivier,zolivier98@webeden.co.uk,198.29.156.210,dE5`RlBN'O=N
334,Cosetta,Skyrme,cskyrme99@ucoz.com,248.121.141.2,vT3&cu=87~OTUgE
335,Dena,Davey,ddavey9a@goo.gl,169.162.116.145,oU0*dwU09Zt
336,Kristopher,Pedlar,kpedlar9b@google.com.br,141.54.145.224,kJ8)I|pE!.
337,Gaspard,Cato,gcato9c@salon.com,70.65.58.150,oG2%|7$&>~Cc|nL
338,Simona,Ollet,sollet9d@mayoclinic.com,230.211.13.183,"qF8,PtKNiphA'K"
339,Eldon,Varnes,evarnes9e@topsy.com,13.16.65.38,"tX4,`A)20R.xr"
340,Welbie,McGarrell,wmcgarrell9f@ihg.com,243.106.172.23,iE8/v2S'at
341,Olenka,Tall,otall9g@biglobe.ne.jp,83.228.87.251,uL2+EibV(`=
342,Crystal,Glandfield,cglandfield9h@alibaba.com,63.175.86.89,cU0?PTsdEwDV*J
343,Charmane,Crady,ccrady9i@sohu.com,5.113.134.89,zE7.Y8.u%<hHyN
344,Dall,Woodall,dwoodall9j@soundcloud.com,167.95.191.252,pU8#|~lRku!W
345,Cammy,Matsell,cmatsell9k@hubpages.com,174.156.16.123,rK1=8si2n8mhk
346,Xenos,Vice,xvice9l@imageshack.us,47.151.186.166,jN0~I&CdA0gvC3
347,Ximenes,Brabban,xbrabban9m@google.de,205.134.120.213,dC7&+`<&WKtk
348,Arman,Mateev,amateev9n@blogspot.com,224.194.149.11,"fV5,d1XU<E86Pe"
349,Terra,Lancetter,tlancetter9o@cyberchimps.com,23.122.179.38,eO7@4(q6?
350,Harriot,Showler,hshowler9p@list-manage.com,203.70.173.77,kJ6@7u3JNmot{v)
351,Frankie,Greste,fgreste9q@amazon.co.jp,211.155.208.16,lS3%dAJ\
352,Raphaela,O'Leagham,roleagham9r@omniture.com,145.42.206.92,xW4\#XzJ
353,Granthem,Chippin,gchippin9s@techcrunch.com,218.98.144.193,fC5=IXcKvV*u
354,Sue,Maskall,smaskall9t@networkadvertising.org,197.149.194.90,mH9|{hqeI
355,Lauralee,Holttom,lholttom9u@google.fr,163.11.30.217,"tT5?v,WQ_}?\@c<S"
356,Ethelind,Sebrens,esebrens9v@opensource.org,149.2.20.243,sM1<b=#8Fo#5'm\
357,Sandye,Rizon,srizon9w@hhs.gov,61.47.200.53,tG1=!#EW>#EV`JUH
358,Casar,Menary,cmenary9x@lulu.com,218.120.173.52,jX6\|8p4*r|
359,Jermain,Briance,jbriance9y@pcworld.com,133.247.107.143,dF3\mHk'V00sLD
360,Carlina,Hodjetts,chodjetts9z@samsung.com,226.206.70.220,pM4=U2joVNoL
361,Selestina,Chishull,schishulla0@nba.com,14.15.8.249,aW9!ej#$sKL
362,Maurizio,Emmison,memmisona1@google.co.uk,178.124.189.188,nB5<yMP>>VptD
363,Alta,Guiraud,aguirauda2@rambler.ru,193.185.15.58,sE5'R%wNFM
364,Leonelle,Faldo,lfaldoa3@china.com.cn,182.95.33.10,wP4{|uhZ&
365,Korie,Valentino,kvalentinoa4@amazon.de,57.138.185.191,qY4)mRjB3k?9ik33
366,Josias,Pahlsson,jpahlssona5@xing.com,158.164.176.17,oN0.4KOq
367,Jamal,Jacob,jjacoba6@ameblo.jp,225.27.83.78,tN3(`>`JU|Q!uZfb
368,Toby,Swanwick,tswanwicka7@statcounter.com,56.231.168.170,xM8+>`>zDZT=
369,Aguste,Pucknell,apucknella8@ifeng.com,55.107.99.227,"gU1!}A3O)?Y0""2"
370,Donnie,Starsmeare,dstarsmearea9@indiatimes.com,96.46.47.54,"hP4@""&lh?Dy`!*("
371,Holt,Petrenko,hpetrenkoaa@ustream.tv,94.244.27.75,rO4<2Ua(ILg7A
372,Raimundo,Creegan,rcreeganab@princeton.edu,32.200.81.169,wQ9`bgQHY
373,Gottfried,Comiskey,gcomiskeyac@acquirethisname.com,168.111.32.41,vW1}xU/#xOn).+{
374,Colette,Leader,cleaderad@google.cn,128.176.74.12,wK7?fqL?kTJv!V
375,Aggi,Heakey,aheakeyae@drupal.org,144.126.225.149,jI0.ju#z%P
376,Yevette,Sapsed,ysapsedaf@artisteer.com,83.96.51.206,pG0}N<We7
377,Corie,Marqyes,cmarqyesag@blinklist.com,207.201.5.84,kO2>B<YD
378,Caro,O'Criane,cocrianeah@cdbaby.com,133.75.167.145,oM0'HzqJk|`Nrbh>
379,Maude,Arnow,marnowai@earthlink.net,39.61.151.130,vJ4|jN)LS
380,Corey,Stitcher,cstitcheraj@toplist.cz,174.0.144.142,"tX5#j>mJ""kP\"
381,Patric,De Moreno,pdemorenoak@nasa.gov,13.209.245.173,xT8!\Jt1+_
382,Kesley,Putson,kputsonal@google.pl,18.168.49.96,xQ9!+`e*kWR(m..
383,Erhard,MacPhaden,emacphadenam@indiegogo.com,33.85.129.183,"sB5`F'LkJSO+,kyS"
384,Weber,Aloshkin,waloshkinan@symantec.com,31.235.215.220,"qV9""?9Ri?Dcmd0\j"
385,Alissa,Quigg,aquiggao@paginegialle.it,36.250.128.3,"hM3{G>4P1"".IV>"
386,Mohammed,Altham,malthamap@google.com,112.47.196.212,"aZ6<#Hw,UEP"
387,Carmen,Valentelli,cvalentelliaq@oakley.com,149.150.8.67,oE8=eU=Ls2#vQo
388,Brett,Shilladay,bshilladayar@jigsy.com,251.137.43.198,"nO8""'at(GG"
389,Harry,Raraty,hraratyas@cmu.edu,217.215.9.50,gG1#aIm3
390,Dene,McLeese,dmcleeseat@mlb.com,86.195.63.156,"lU1>inG_""t*$""V8"
391,Fay,Tasseler,ftasselerau@amazon.co.uk,142.95.107.245,"xT0,L""/n>IXiyDw"
392,Aggi,Dayborne,adayborneav@sciencedirect.com,201.51.71.250,oA5{}w+T|
393,Randal,Ennever,renneveraw@tmall.com,208.209.121.181,"mW9""XtPVWbsP4("
394,Ham,Wiseman,hwisemanax@squarespace.com,118.196.150.208,fP4|D67i
395,Aeriel,Cordero,acorderoay@ezinearticles.com,106.87.92.247,sW5=Wzw1\f
396,Ethyl,Freshwater,efreshwateraz@discovery.com,97.38.23.29,oI6(t8~&Iw{$@z
397,Lark,Yon,lyonb0@businessinsider.com,66.188.138.30,"oG8%f3q\GWfFVT,"
398,Dari,Doak,ddoakb1@google.com.au,214.198.204.140,pL6)h47Ak?%QkWz
399,Erena,Hender,ehenderb2@homestead.com,111.235.169.54,uH2*LaN.B*8w
400,Lorri,Foxten,lfoxtenb3@statcounter.com,216.150.245.56,pB7.=|Mx(l!V
401,Rocky,Kirkpatrick,rkirkpatrickb4@stumbleupon.com,213.186.74.99,dR4)F0+P
402,Kelcie,Crisford,kcrisfordb5@icq.com,48.188.34.237,eU3_{JJ18AMVg{X'
403,Shaine,Baggallay,sbaggallayb6@goo.ne.jp,208.91.139.245,rM9*)K|udNp@
404,Kim,Yitzhok,kyitzhokb7@php.net,20.74.193.147,"nX8*UzTK|_rs,gr"
405,Whitney,McCurtin,wmccurtinb8@skype.com,137.173.181.39,eQ7>S|nk~F?
406,Jillane,Cogdell,jcogdellb9@vkontakte.ru,223.205.144.220,bO4%AqK\2ZQD
407,La verne,Babington,lbabingtonba@imgur.com,11.195.143.116,"oJ2&Lb2$Z"".G(dt+"
408,Con,Fawloe,cfawloebb@joomla.org,87.79.112.231,aS3+q<u3zD_E
409,Florencia,Gromley,fgromleybc@google.ca,116.145.45.234,"gE8/j!ri,Qb5"
410,Chester,Coolahan,ccoolahanbd@github.com,230.28.228.126,fI5|hvv/#
411,Hettie,Habbon,hhabbonbe@amazonaws.com,10.238.153.44,"tA1,>>H\*~<?)>"
412,Wylie,Cullingworth,wcullingworthbf@unicef.org,224.204.137.175,rP9.7?{jH
413,Ardis,Wolfe,awolfebg@nps.gov,55.192.254.47,hP6+bN_!GENoPm
414,Glori,Terrazzo,gterrazzobh@china.com.cn,49.48.155.95,"kC3,H3UTtZj3"
415,Teirtza,Clint,tclintbi@epa.gov,208.55.191.179,fQ4_1c{7iE
416,Kellen,Carpmile,kcarpmilebj@bbc.co.uk,188.37.192.53,"tS4(Zq&""v"
417,Natasha,Helwig,nhelwigbk@abc.net.au,135.1.244.182,pW6\m&.`/R
418,Salli,Penson,spensonbl@ustream.tv,201.2.6.48,iZ3?k)JxpG&6J@
419,Georgette,Opfer,gopferbm@rediff.com,169.85.120.126,sP6)$%zuSig7!l8)
420,Georges,Statton,gstattonbn@taobao.com,184.219.243.130,wH7``d{??A`H
421,Veriee,Nyssens,vnyssensbo@cyberchimps.com,28.46.235.12,eI5$ZD0+hS?9s
422,Beryl,Szepe,bszepebp@ted.com,24.17.101.104,mU0/~>f~uALAeTM
423,Hakim,Clipston,hclipstonbq@dailymail.co.uk,231.67.225.121,qA5@9ZTO0
424,Giraldo,Skones,gskonesbr@mayoclinic.com,37.190.29.104,"uQ6<hxp$t"""
425,Melisandra,McLuckie,mmcluckiebs@who.int,103.197.67.142,yK2*GkOa0r+
426,Darline,Spadaro,dspadarobt@hao123.com,98.129.176.100,fS9%2Ra|4d)
427,Karita,Tefft,ktefftbu@sina.com.cn,86.25.30.96,sV0`hgh41Yr
428,Frasco,Weavers,fweaversbv@washington.edu,31.105.25.168,iQ1|wU=fp}
429,Shae,Denidge,sdenidgebw@amazon.de,168.247.162.71,pX5`qBTtut
430,Sully,Vereker,sverekerbx@so-net.ne.jp,123.112.179.229,wD9~/6M/5*u!'P
431,Rina,Hiddersley,rhiddersleyby@cbslocal.com,206.244.21.137,oW7`.ZXngv
432,Adriena,Moncreif,amoncreifbz@sogou.com,240.170.181.215,nN6$En&8%BJO/*w
433,Rog,Luttgert,rluttgertc0@blog.com,245.180.189.18,wN1&VPiHi.wuT
434,Peria,Mullis,pmullisc1@godaddy.com,180.195.64.164,zR3&S4zNUS+
435,Fonsie,Shoutt,fshouttc2@moonfruit.com,216.220.56.97,iD3/l?B9rzH
436,Pippy,Yansons,pyansonsc3@jugem.jp,202.51.70.208,"mR1""a'0lm"
437,Silvanus,Hook,shookc4@usa.gov,182.39.186.104,aH7@FNK.9Vjvhr
438,Bertine,Smeeth,bsmeethc5@tmall.com,6.129.225.127,hB7(}m))JaObv<It
439,Alonzo,Bonafant,abonafantc6@cargocollective.com,250.219.223.137,rB5?bTx|6zq4z%y
440,Tremaine,Coolbear,tcoolbearc7@java.com,185.42.22.47,pY7_V*xv
441,Ava,Espada,aespadac8@indiegogo.com,44.93.225.126,cM6#wFX{6c|&H
442,Marjy,Frigot,mfrigotc9@usgs.gov,22.166.140.83,jO5_M@g'AWBEl
443,Rachele,Grafham,rgrafhamca@bigcartel.com,27.73.161.139,"jQ9%LFTpX,j5CZ"
444,Pedro,Goly,pgolycb@google.co.jp,15.48.66.172,xC6?8*{K)OA
445,Joseph,Kingswood,jkingswoodcc@goo.gl,19.15.157.205,fO8}%ba.8Qz9
446,Margeaux,Howey,mhoweycd@cnn.com,231.206.166.107,wK9\4|L0TwOTE==P
447,Georges,Massinger,gmassingerce@tinyurl.com,176.188.145.184,dF9'@08bGF0zAhq
448,Rebe,Minard,rminardcf@flickr.com,220.164.74.194,"qL4<ii/%""tRjWi"
449,Cornelle,Tatters,ctatterscg@cnbc.com,161.234.96.45,vG4&7{61vu/FoKf
450,Amy,Heads,aheadsch@cargocollective.com,203.31.47.209,nB6@'!V#?
451,Stacy,Starbeck,sstarbeckci@gravatar.com,46.106.235.179,eR2}\8n~GjGVmmk
452,Timmy,Potier,tpotiercj@weebly.com,78.64.183.80,wI0*XPLozH{
453,Cassandry,Taffs,ctaffsck@nyu.edu,100.58.118.233,gU8@B&53&NB
454,Ivett,Dalgety,idalgetycl@army.mil,169.4.136.138,wT8!3b=rOarnG(*W
455,Hartley,Seint,hseintcm@amazon.de,255.144.241.222,rP9_5+'4
456,Yasmeen,Mossman,ymossmancn@tripod.com,181.71.125.128,mD8#K>?(o_6
457,Annette,Cossem,acossemco@prweb.com,159.119.253.106,rK7'LPFFB
458,Elie,Flatt,eflattcp@deviantart.com,68.181.207.181,cH6+qhU4W}6JS
459,Karna,Pauleau,kpauleaucq@slideshare.net,192.63.170.184,kX8>Wbl\\?ot~oL
460,Tiphany,Forster,tforstercr@youtube.com,28.218.180.236,gI9!FTW(Q#@mBYm6
461,Cele,Glencros,cglencroscs@parallels.com,173.250.244.242,"gP1,{D0Vpsx"
462,Brandie,Goodship,bgoodshipct@soup.io,4.127.144.131,mX7!zdyu.JT
463,Emerson,Horche,ehorchecu@omniture.com,22.202.6.248,eJ8&bA@I!h>bCoO
464,Dixie,Alesio,dalesiocv@scientificamerican.com,231.120.210.28,"zB5""Wx``ne_Q_/39"
465,Ezekiel,Castenda,ecastendacw@marriott.com,196.223.194.83,dW6#$mE#=Z
466,Gavan,Hourihan,ghourihancx@gravatar.com,176.104.159.99,iO8$Gp.'
467,Daryl,Pakenham,dpakenhamcy@mashable.com,197.88.118.91,zN8_/G0b/T%7~
468,Charmain,Machans,cmachanscz@upenn.edu,197.191.251.33,vZ7@)igz\3t
469,Orelle,Cawkwell,ocawkwelld0@soundcloud.com,160.86.91.169,jQ9}_xA.q>SC=VD
470,Annaliese,Wellbank,awellbankd1@huffingtonpost.com,192.223.157.122,xY6_86+6TWg'Sb
471,Ameline,Saice,asaiced2@cocolog-nifty.com,8.49.253.150,eC8&tIcU}
472,Maurise,Roman,mromand3@theatlantic.com,17.25.11.103,eH2}EQox
473,Rollin,Temlett,rtemlettd4@diigo.com,5.96.25.52,xL2/T{$mu<
474,Haskell,Hillum,hhillumd5@prweb.com,147.110.109.112,tJ6*HG0(0o{f
475,Noelle,Davidofski,ndavidofskid6@ow.ly,121.31.8.178,qP8+@hEEddXe
476,Aubert,Wozencraft,awozencraftd7@livejournal.com,173.111.81.60,cG2'{}T0\wM'qpKr
477,Basil,Robyns,brobynsd8@indiatimes.com,184.78.77.68,"zT1`,s%v{b/Zk/Ox"
478,Marcile,Hegerty,mhegertyd9@jalbum.net,63.163.222.86,"xR0.q""JYF"
479,Tedra,Haswell,thaswellda@google.co.uk,90.216.105.247,aJ8&@tfse
480,Ranna,Danielsohn,rdanielsohndb@hibu.com,108.222.43.133,"sP2*@84,=/kcG"
481,Cherish,Strowther,cstrowtherdc@usgs.gov,173.4.202.53,dI6\T>LZf
482,Fionna,Bliss,fblissdd@pagesperso-orange.fr,165.217.206.186,zY5?o!$46$x!ffT#
483,Igor,Lavigne,ilavignede@seattletimes.com,131.131.166.119,dM3\XJkwFiPb`?s
484,Pierre,Poile,ppoiledf@theatlantic.com,251.252.42.237,jP5$=WWVsHEgs
485,Trumann,McKenny,tmckennydg@fastcompany.com,143.253.42.47,"rH3""{ye7Gh>s"
486,Mechelle,Pepys,mpepysdh@smh.com.au,128.246.205.221,wF4*7qk8C
487,Gerald,Cannam,gcannamdi@msn.com,96.246.61.217,pG8+43s~r
488,Sal,Hubbock,shubbockdj@google.es,149.10.180.123,"hJ9""j%(W"
489,Kermy,Merrigans,kmerrigansdk@51.la,121.176.1.36,qV6#_>|DTO
490,Lynn,Stronach,lstronachdl@europa.eu,43.120.118.230,bI1_rzSVtw88eLZ
491,Audra,Cryer,acryerdm@nydailynews.com,219.243.130.25,qA2}?Mup3+t3IZ
492,Aidan,Skeats,askeatsdn@1688.com,106.120.30.71,oU2{4#d|L~WD|
493,Casey,Jachimczak,cjachimczakdo@time.com,72.25.198.26,bP9+}jZk.AU
494,Hewie,Volk,hvolkdp@google.fr,185.199.163.117,iH3\bkh@EaI3=
495,Rickert,Suttell,rsuttelldq@redcross.org,19.151.232.215,eT3.5X.CL)>7q>C
496,Velma,Deverell,vdeverelldr@engadget.com,105.85.87.24,wM4}@I?4.kz
497,Agnes,Paige,apaigeds@economist.com,194.151.162.39,bD6/d!'U
498,Liz,Martschke,lmartschkedt@mozilla.org,241.155.109.166,fW8'0D7Zv7w15xP
499,Cynthy,Cowlas,ccowlasdu@ihg.com,60.19.32.95,vL1.*\0xtkD@20U
500,Tito,Liven,tlivendv@purevolume.com,166.202.96.41,kI6=_3z_
501,Eba,Peschet,epeschetdw@globo.com,197.71.101.69,"kY0&3RZ,PWY.!a)"
502,Dun,Lindhe,dlindhedx@list-manage.com,245.16.74.160,lE9.RRI\
503,Laureen,Wakelam,lwakelamdy@rakuten.co.jp,218.194.226.249,zD3)k1Pcbw
504,Carine,Cicetti,ccicettidz@dedecms.com,7.39.242.133,uD8$Zf9b4\
505,Delcine,Panons,dpanonse0@sakura.ne.jp,14.116.52.255,fY5.qmG_
506,Etheline,Slavin,eslavine1@parallels.com,164.96.250.6,"eD1,h4xeNE"
507,Piotr,Wigfield,pwigfielde2@europa.eu,199.55.186.222,aH8\Ty0=|V*
508,Valentina,Ambrogio,vambrogioe3@amazon.com,233.104.191.171,"fZ5{j9mj#""X4Y*"
509,Fae,Johncey,fjohnceye4@wunderground.com,45.81.163.51,zD8!3HUd66k*\}i
510,Druci,Markie,dmarkiee5@ask.com,11.22.43.154,zD0.@!arD(y
511,Fletcher,Dewberry,fdewberrye6@nhs.uk,244.96.184.182,yL6#Xl9qQ/=D+S~
512,Morton,Rudiger,mrudigere7@sogou.com,247.238.121.207,bL0'C<_?2IE%f4A
513,Dorian,Poschel,dposchele8@issuu.com,132.198.20.238,"nG0%kU,m"
514,Prentice,Medforth,pmedforthe9@jalbum.net,20.11.220.96,bN8%M\Ht```v>VO
515,Meriel,Batrim,mbatrimea@usda.gov,6.113.237.170,jF5'OoZ9&C|n
516,Caro,Petherick,cpetherickeb@google.co.uk,119.111.180.204,qZ0`aVa$L&UmW
517,Spenser,O' Clovan,soclovanec@apple.com,8.244.246.209,lK4\B}B9#W=QhYL
518,Kinnie,Bernaldo,kbernaldoed@reddit.com,216.224.73.142,"iL8,*sUQo"
519,Simonette,Stephen,sstephenee@sciencedirect.com,114.17.129.55,"yK4.v&AnL""i"
520,Angeline,Roose,arooseef@nasa.gov,192.161.52.174,"kM3.*AVe""4}W`tq"
521,Rosette,Arias,rariaseg@g.co,56.60.238.165,"wV8,xk|J"
522,Deena,Rawlison,drawlisoneh@chron.com,120.255.81.86,kD9&2{7%LwKr}8``
523,Garek,Threadgould,gthreadgouldei@acquirethisname.com,96.152.94.106,"cQ5,d26w>zV6oc"
524,Dale,Harbisher,dharbisherej@netlog.com,104.205.63.228,gT7|Q$s>1JXc.
525,Krispin,Colquitt,kcolquittek@ed.gov,240.211.31.126,"wY0*(J9B&,"
526,D'arcy,Ech,dechel@alibaba.com,97.51.103.251,"gU3&8dFv!EQLq<_,"
527,Audrie,Shephard,ashephardem@flavors.me,36.99.236.121,"aT0""zd""6Vvv"
528,Francklyn,Sells,fsellsen@moonfruit.com,16.250.109.15,yH1'H(lz
529,Nichol,Gamon,ngamoneo@hugedomains.com,138.91.125.86,"rR0+N,kuH$TzJz@"
530,Felicio,Hirth,fhirthep@vk.com,182.161.136.135,iI4=i93__uy
531,Katee,Moncreiffe,kmoncreiffeeq@printfriendly.com,96.113.246.147,vU9@weMMI8..92
532,Brockie,Belvard,bbelvarder@businessinsider.com,61.181.253.250,sE1$wkK#=J
533,Shoshanna,Bladen,sbladenes@jimdo.com,205.171.125.29,lO6'{3*<I
534,Blake,Griffitts,bgriffittset@sogou.com,71.201.136.148,"bK1&j,#HQ7C"
535,Mendy,Strong,mstrongeu@yellowbook.com,31.86.53.43,cQ9'VSqK?Z3.
536,Bibi,Farnill,bfarnillev@senate.gov,171.54.215.113,vA4*vRnMvl
537,Cordie,Jordine,cjordineew@1688.com,137.51.199.184,eD6\M11ti'SHy+
538,Orlando,Galliford,ogallifordex@spiegel.de,44.67.179.232,"zE3*P0GZ7dd""ouN$"
539,Galina,Doumerc,gdoumercey@ucoz.com,50.238.234.93,gU5|ua/\y+`U
540,Artur,Piotr,apiotrez@examiner.com,176.207.122.234,mG5###stB|W+0w~K
541,Marnie,Inglese,minglesef0@examiner.com,195.93.57.253,"wB8)O""+e\pI_n!"
542,Winny,Gemmell,wgemmellf1@wikispaces.com,229.163.160.237,vH6\(ss3x7e
543,Eyde,Mansour,emansourf2@163.com,164.176.102.70,bT9.IWxz#%
544,Natty,Coggon,ncoggonf3@blogtalkradio.com,191.193.208.236,pQ8<iow}
545,Cordie,Dight,cdightf4@cyberchimps.com,131.25.95.185,fN1@R#{I
546,Florri,Leschelle,fleschellef5@ft.com,107.179.78.133,iH2%NxqiTs?WZFn
547,Ximenes,Charity,xcharityf6@ebay.co.uk,106.143.131.127,qZ7%y>}l2y
548,Malinda,Pennock,mpennockf7@elegantthemes.com,61.196.213.43,zC1?j&h6|
549,Berthe,Sharrard,bsharrardf8@booking.com,110.231.31.82,vB4@g|bNUjjmjknO
550,Myer,Burmaster,mburmasterf9@who.int,99.173.250.251,"dX8(|3""K"
551,Shelley,Schonfeld,sschonfeldfa@cpanel.net,75.94.225.65,gG9$3Y>Ie
552,Hort,Duckering,hduckeringfb@businessinsider.com,199.8.199.118,"zJ7""uJeFni"
553,Galina,Jeanenet,gjeanenetfc@hexun.com,24.94.238.115,bO0$R1mNPZ4lPP#l
554,Meggi,Manners,mmannersfd@hibu.com,197.188.235.78,oA5<y8GouUr*
555,Nonnah,Volleth,nvollethfe@twitpic.com,165.7.67.98,iW7\yC6Wsl`!pj
556,Allison,Hegg,aheggff@google.de,103.147.152.9,"rY3$$r8~fS.,"
557,Donica,Stiling,dstilingfg@dyndns.org,184.31.2.163,uW8_v46E?SW`Do5
558,Giralda,Du Hamel,gduhamelfh@e-recht24.de,72.90.128.91,"mX6!32,4"
559,Fritz,Olle,follefi@washingtonpost.com,147.179.22.167,jU1/1soa
560,Ileana,Ponte,ipontefj@bigcartel.com,100.151.183.141,mN6\/.jE
561,Paolo,Skett,pskettfk@google.co.jp,105.12.243.25,cF9=0}r'Pl
562,Katine,Egger,keggerfl@sciencedaily.com,165.253.140.234,jB6#N1kM~Z{n9L4G
563,Larina,Shovelton,lshoveltonfm@oakley.com,83.142.150.227,xV8_R)za
564,Josepha,Farran,jfarranfn@icq.com,3.120.58.188,zE6}Q3<gOYv!Df
565,Jazmin,Duigenan,jduigenanfo@paginegialle.it,210.87.151.181,hU2(EbKtvoZ\\
566,Saunders,Itzakson,sitzaksonfp@epa.gov,124.202.55.119,jU9+0)M=/M*A*g
567,Tessa,Klimaszewski,tklimaszewskifq@flickr.com,33.91.251.225,pZ8#C5gv5}~X
568,Michail,Rosensaft,mrosensaftfr@imageshack.us,192.117.143.174,hM0(7p{HOwIG+m
569,Gregoire,Ogle,goglefs@yellowbook.com,174.86.162.120,iB2%Fw@G
570,Bil,Steabler,bsteablerft@hp.com,161.211.247.73,jJ3.&kTg'=>
571,Tanny,Tumini,ttuminifu@wiley.com,251.140.54.153,fS6}YAU.Sq\de
572,Broderick,Eykelhof,beykelhoffv@cyberchimps.com,132.133.205.230,hM8#Nk'$pXbkPpIF
573,Ardyce,McNess,amcnessfw@ucsd.edu,11.210.89.93,"vN8""V4Lx"
574,Quintana,Piddington,qpiddingtonfx@yelp.com,87.238.132.46,pL5_Fzxk.}Ym
575,Rod,Gadie,rgadiefy@seesaa.net,0.107.105.13,"yZ0$Qcdv|c#+/S,"
576,Dani,Marquez,dmarquezfz@phoca.cz,3.6.124.27,hO7}V2%Z6rHQ2j
577,Conchita,Eschelle,ceschelleg0@friendfeed.com,132.11.246.192,"iY5@,lyn"""
578,Reese,Colgrave,rcolgraveg1@wix.com,31.109.191.215,bE2)z|`S$Q\pBA
579,Hyatt,Bridson,hbridsong2@rambler.ru,125.207.108.248,qK1$}aZL
580,Camella,Greatrakes,cgreatrakesg3@usatoday.com,150.28.1.222,wB4&cdpM
581,Alison,Makey,amakeyg4@altervista.org,249.175.72.81,"pZ1*VE?zu1A|""s"
582,Minnie,Burchfield,mburchfieldg5@imdb.com,167.150.243.167,"yQ9,H%=sJapQIly"
583,Hadrian,Craze,hcrazeg6@dion.ne.jp,240.158.33.154,aD2.k96'$N?
584,Robbi,Yateman,ryatemang7@shop-pro.jp,154.29.39.12,"iQ2{R""u%V|4<@"
585,Roma,Vincent,rvincentg8@w3.org,236.41.158.63,pS6(t~`PYXBpw!!6
586,Othelia,McTrustey,omctrusteyg9@php.net,15.172.15.33,"tC3""=O'YW8"
587,Anissa,Snoday,asnodayga@live.com,20.201.253.13,"lQ7\YX,L'`"
588,Corine,Wherrett,cwherrettgb@hubpages.com,109.113.160.153,lW0(!`TD{Gj
589,Gail,Moon,gmoongc@sina.com.cn,43.157.19.169,jP4!0zNx8`a3J
590,Kathryn,Algie,kalgiegd@ibm.com,5.171.62.22,zS2|ZaqG
591,Winni,John,wjohnge@sitemeter.com,37.97.38.3,hH6\xgxz%IQd
592,Sigismondo,Morling,smorlinggf@fema.gov,225.95.196.78,tG4>mgq*9p=
593,Devonna,Lortz,dlortzgg@pbs.org,249.87.155.187,qS6='O.QIhAcLe
594,Reg,Ansell,ransellgh@mysql.com,115.205.198.163,bT5&7OJDhuK2TkF@
595,Orton,Gherardesci,ogherardescigi@ted.com,7.61.121.104,eB3#dq8TZTxM+e
596,Christabella,Covington,ccovingtongj@amazon.co.uk,209.157.47.160,bK8@Bm+n@H7M
597,Gracia,Faust,gfaustgk@jiathis.com,201.42.165.174,yX2?)uwRX)p<V
598,George,McParlin,gmcparlingl@gizmodo.com,219.162.168.139,tW0/`77gqJ'
599,Anthea,Lots,alotsgm@acquirethisname.com,103.218.193.185,cC2_yj_+8ne(f
600,Gasper,Brownsell,gbrownsellgn@techcrunch.com,239.102.239.59,cV2_B$Qby
601,Adriane,Lewtey,alewteygo@comcast.net,83.232.135.91,uG3=OG0ds|&{qzd}
602,Merell,Bauduin,mbauduingp@ucla.edu,49.247.144.187,pE9=L5/p
603,Tiebold,Gioani,tgioanigq@yale.edu,206.120.16.114,qA5)5%)P
604,Wakefield,O'Conor,woconorgr@altervista.org,139.239.64.48,zG5!jC\(o
605,Maribel,Downes,mdownesgs@wikispaces.com,73.99.186.42,qK6?GpUSm+Kk
606,Annmarie,Blower,ablowergt@google.com.hk,119.176.218.212,cP4}H<I\.Ab#
607,Glyn,Newcombe,gnewcombegu@who.int,117.74.255.28,sF6_(%)Tejb~oWF
608,Leo,Brave,lbravegv@umn.edu,10.36.68.125,uF1<+`5<zIF@d$
609,Rem,Kershow,rkershowgw@live.com,19.219.149.191,bG8<W(BwM
610,Toiboid,Alliott,talliottgx@uiuc.edu,175.42.65.116,rO6@L/YpE(ESA{ZF
611,Melamie,Darker,mdarkergy@oakley.com,138.193.184.241,eV5<+dJL%wK'Zf
612,Cordy,Pugsley,cpugsleygz@abc.net.au,234.117.180.55,tV6@NMpXdsk.+5
613,Berni,Ruben,brubenh0@wufoo.com,233.240.212.204,"sC4%~,i8E!$b"
614,Charin,Giovanardi,cgiovanardih1@technorati.com,32.194.125.79,"nY8>Gf""0!qV`"
615,Harrietta,Clubley,hclubleyh2@seattletimes.com,116.243.200.23,aT6)yjTV!0
616,Clare,Buffy,cbuffyh3@google.com,57.153.237.160,"cY0'<!zWp@8,K="
617,Kippy,Minero,kmineroh4@paginegialle.it,160.138.60.31,dI3\g$32k
618,Cullin,Ladon,cladonh5@biblegateway.com,250.108.41.128,"sA6""3_6ig1t"
619,Vladamir,Keggins,vkegginsh6@sciencedirect.com,41.113.117.23,bY6@>x?+hlhH\CfH
620,Jereme,Stebbings,jstebbingsh7@purevolume.com,31.174.240.2,"kO6&0""zkH'?g"
621,Uri,Zannelli,uzannellih8@t-online.de,126.223.29.9,"aI0@),oK5"
622,Franky,John,fjohnh9@java.com,149.34.147.126,"uQ5?5CL,iroY"
623,Keriann,Bearfoot,kbearfootha@ezinearticles.com,240.26.188.67,"qJ1$vp4""H"
624,Lara,Purcell,lpurcellhb@forbes.com,127.11.112.163,hU8't9UxC
625,Wilhelmina,De Vaar,wdevaarhc@clickbank.net,137.62.80.163,lN0!wo>#6T77dS/P
626,Sidonnie,Biever,sbieverhd@hao123.com,137.117.23.7,kQ9'YaH2hL{7)b
627,Alyssa,Dedam,adedamhe@unesco.org,161.224.65.125,"rW8""u?vvRy9Jmix"
628,Cherin,Hayesman,chayesmanhf@mtv.com,145.109.60.239,gV2@?S>*0
629,Jedd,Oswal,joswalhg@sitemeter.com,176.230.49.155,wS1*XMn2ou*H(d
630,Steward,Doran,sdoranhh@is.gd,85.201.155.20,yH2!@VMg6
631,Teresina,Hoult,thoulthi@omniture.com,225.48.190.191,"rE3""8tC~x!"
632,Mordecai,Symones,msymoneshj@google.co.uk,169.225.72.184,"oF8,Ht1mhPEx~2a"
633,Alicia,Krzyzowski,akrzyzowskihk@reuters.com,7.195.100.184,nI9!2DU.iW=A~E
634,Othelia,O'Dunniom,oodunniomhl@cdc.gov,29.183.193.92,kS4</QF'3
635,Augusta,Dimanche,adimanchehm@ehow.com,51.240.143.221,sU3?OI&IB4Z'|vdg
636,Nelle,Eynon,neynonhn@netscape.com,5.39.242.132,mF5`RyE5pb
637,Rahel,Sargint,rsargintho@mozilla.org,86.107.210.22,hT5)7A+WKeg)`L
638,Cornelius,De Stoop,cdestoophp@state.gov,35.237.82.238,rY7<UMh+7r2_x
639,Tamma,Bordis,tbordishq@wikimedia.org,15.48.73.75,jL5~QP/XoT~
640,Lily,Derrington,lderringtonhr@cbc.ca,103.26.167.39,mP4$hS+cPp~n<%
641,Tomlin,Gaughan,tgaughanhs@google.co.jp,79.20.135.152,dS2&iTHO
642,Kele,Ygo,kygoht@unicef.org,36.98.136.208,"zH9\d@T8A,P""}"
643,Cheston,Pund,cpundhu@aol.com,61.6.204.238,"dJ4=O)g,G6>%"
644,Carol,Sarch,csarchhv@ow.ly,160.51.208.71,xT2>_2>g`Zr?~
645,James,Kleingrub,jkleingrubhw@wordpress.com,36.118.100.104,qJ2+!6pN5S|
646,Gaye,Blackburne,gblackburnehx@cbslocal.com,223.183.70.227,iY0(J&Txx2/H@
647,Theobald,Everix,teverixhy@de.vu,130.133.234.201,fG3~M)`dH4N
648,Rafael,Dolle,rdollehz@sbwire.com,179.102.89.95,rN6`'>6ugiwXY`yS
649,Craig,Clemendet,cclemendeti0@biglobe.ne.jp,102.238.17.240,bY0+GPE|
650,Debora,Blesing,dblesingi1@ucoz.ru,214.179.215.243,oT3~afM*|UZTo
651,Paule,Pinney,ppinneyi2@gravatar.com,173.202.98.252,oL7+Mij%
652,Michaelina,Rainton,mraintoni3@skype.com,238.171.142.226,nX3+4'@13%s{
653,Consuelo,Rodda,croddai4@si.edu,254.205.103.112,"pN6""a!bJ4gi~yb"
654,Nert,Fussen,nfusseni5@marketwatch.com,40.189.160.134,gQ3(K%.&u1)!Jx`W
655,Victor,Girardot,vgirardoti6@yale.edu,43.99.75.77,wM8|~4{=H5GK
656,Alfonse,Fredi,afredii7@tripod.com,160.200.117.55,"kC2""@x&+!$9@U6$"
657,Shelby,Dinzey,sdinzeyi8@artisteer.com,159.140.86.218,xM4&v>T6+!Z
658,Inessa,Ossipenko,iossipenkoi9@java.com,57.234.48.109,jR6)AfDv
659,Billie,Searle,bsearleia@jalbum.net,221.74.57.166,yP2'3u|('gu
660,Locke,Tombs,ltombsib@comcast.net,129.204.212.211,"wQ2(zSJ4""p*!.\hA"
661,Benedikta,Blinde,bblindeic@skyrock.com,87.74.62.236,dT4'H%=qF$G$
662,Wilfrid,Desport,wdesportid@rediff.com,223.207.118.194,"eL6""W|3K7P"
663,Cathleen,Fleay,cfleayie@topsy.com,143.69.166.203,iU3=Nlr$Hu
664,Lamar,Liddy,lliddyif@fc2.com,114.218.45.93,vD5*z=o~8
665,Fawn,Shirland,fshirlandig@xinhuanet.com,45.244.188.29,sJ9!u6p$M6'T1MBH
666,Stacie,Chyuerton,schyuertonih@upenn.edu,179.162.163.229,gJ6@K<.wrM
667,Ambrosi,Porkiss,aporkissii@tmall.com,223.1.59.166,lL7=!%~\
668,Shoshana,Brodest,sbrodestij@yandex.ru,161.147.242.34,pZ4+|`G_
669,Windy,Heyns,wheynsik@ameblo.jp,41.91.81.22,pH8`VkPQwTt\0kq
670,Bonnie,Mathet,bmathetil@japanpost.jp,100.201.226.126,uY3\FWKo``T
671,Konrad,Tolfrey,ktolfreyim@imdb.com,236.48.223.116,oK6}MT~E
672,Joanna,Sinson,jsinsonin@independent.co.uk,211.188.165.4,kR4~x*eVD'|p=aur
673,Joel,Hammerman,jhammermanio@accuweather.com,247.249.76.194,tH4(>Tj#E
674,Lindsey,Thieme,lthiemeip@homestead.com,132.215.120.121,"rZ4""V_9"""
675,Allen,Delaprelle,adelaprelleiq@storify.com,36.34.34.106,kQ2`|YhL\Yo|
676,Tildie,Alvy,talvyir@bizjournals.com,149.107.234.94,"xF5|e,h\5!#(zK"
677,Astrix,Pisculli,apisculliis@homestead.com,15.235.107.42,gW6&q&{?=
678,Sibilla,Bilney,sbilneyit@google.com.hk,114.3.220.153,sM8'oVgB
679,Janaye,Dilliston,jdillistoniu@rambler.ru,250.39.217.50,"wA1@&pyM(s4""~wf"
680,Christophorus,Blenkinship,cblenkinshipiv@chronoengine.com,101.36.83.208,bW4=LYZ{
681,Adler,Golley,agolleyiw@reddit.com,195.100.176.21,"eO6?8~,9~njX"
682,Nil,Firmage,nfirmageix@foxnews.com,130.99.211.146,cT1!*elfd*M
683,Weston,Daffey,wdaffeyiy@hexun.com,205.221.216.249,"nB6""~""M/Y\kD3mi"
684,Shel,Pea,speaiz@desdev.cn,182.125.67.33,"oE8|s7}w""3"
685,Truman,Pearde,tpeardej0@cpanel.net,83.67.176.213,xH8}6V*#9hy5{M
686,Lukas,Craydon,lcraydonj1@noaa.gov,97.142.159.133,"vK0$!,@3O"
687,Avril,Dorot,adorotj2@tamu.edu,78.103.125.245,"zJ0""YWO0jf"
688,Jenny,Devons,jdevonsj3@kickstarter.com,133.99.223.144,dH2\=97qO!z_\f#w
689,Cari,Orriss,corrissj4@bing.com,179.52.206.236,xN5*0ja*\V
690,Barthel,Joyce,bjoycej5@latimes.com,85.24.208.101,uH4<1snG<
691,Heddie,Jeannot,hjeannotj6@stumbleupon.com,101.94.53.14,qN9)jS(6}B
692,Kenna,Pischel,kpischelj7@meetup.com,186.213.182.125,lS4)@/9XQ)1KTgJi
693,Torrance,Kachel,tkachelj8@slideshare.net,20.6.143.13,pT4<iZ#{B>3LT
694,Paquito,Lanphere,planpherej9@ucsd.edu,15.57.18.111,hS3<*dS<+I
695,Georges,Fishbourn,gfishbournja@slashdot.org,124.152.109.145,nZ8<!mBEgR!gBN=
696,Rikki,Gaiter,rgaiterjb@about.me,167.211.219.171,vK7=$5Hg8jFu$BIG
697,Adriana,Pemble,apemblejc@craigslist.org,245.164.225.104,wW0{&t.Zz>'VKtA!
698,Linette,Audsley,laudsleyjd@youtube.com,112.86.28.75,bV0|hJ>i`g4
699,Lotta,Mathison,lmathisonje@census.gov,88.110.131.173,kL3'fzlH/m
700,Bliss,Ramos,bramosjf@vk.com,136.94.183.228,qH8.niF}%Kl'h/w
701,Quinn,Ericsson,qericssonjg@google.nl,7.214.67.222,lL8=lw_Rb@3f
702,Barny,Rubery,bruberyjh@newsvine.com,240.96.77.233,wF0(@#xc`@3
703,Hayes,Roscamps,hroscampsji@nydailynews.com,240.222.77.113,"jK0(59@,0"
704,Jandy,Bennedick,jbennedickjj@liveinternet.ru,140.9.145.14,vT9.{Bv6=X9iNQ\
705,Salomo,Syms,ssymsjk@gravatar.com,179.116.117.109,jA6+t0xE?ZQ
706,Harris,Matuska,hmatuskajl@census.gov,45.44.201.28,wL2>9n9f)J
707,Kriste,Avey,kaveyjm@nymag.com,43.194.100.161,eL8?l?R<QJ6%
708,Margaretta,Vogelein,mvogeleinjn@kickstarter.com,158.31.26.188,dC0>7h?<KT~&|V
709,Ainslee,Mattaser,amattaserjo@earthlink.net,95.237.154.15,"lQ4(""&xLW"
710,Jobina,McCreery,jmccreeryjp@hp.com,158.47.121.163,"hI2,zb*'R,ui@'&c"
711,Taylor,Pietersma,tpietersmajq@yellowpages.com,140.143.184.79,"wG2@xx.W*C,7c"
712,Drud,Ridges,dridgesjr@tripod.com,67.248.92.224,fH5*RPBDFa~FiuG
713,Avie,Salvin,asalvinjs@loc.gov,176.209.111.55,"lV6(J,FF"
714,Rickey,McKitterick,rmckitterickjt@engadget.com,197.228.21.8,oI7.y#!3XYtL
715,Linoel,Addlestone,laddlestoneju@bbb.org,134.10.250.109,iT4>5e*?R)y
716,Janith,Seymark,jseymarkjv@usatoday.com,49.18.189.157,pP2=1FVZP
717,Arni,Brimilcombe,abrimilcombejw@miitbeian.gov.cn,75.69.41.47,"eG6,v7to|S"
718,Tuckie,Stackbridge,tstackbridgejx@bandcamp.com,43.154.7.12,"sW1""ifKaT{TDd)"
719,Neddy,Yes,nyesjy@goodreads.com,128.194.137.74,gY8$12u&0C5LG
720,Roseline,Bartolommeo,rbartolommeojz@arizona.edu,118.195.108.61,"lG2,{BHX~"
721,Rosco,Ferney,rferneyk0@ifeng.com,127.153.233.135,mY3<v!jrXE!g4
722,Phillida,Harses,pharsesk1@china.com.cn,37.121.222.82,pM5`/P=+<{
723,Mair,Silkstone,msilkstonek2@artisteer.com,140.229.112.255,rT3\iSrGn7s)
724,Joellen,Teml,jtemlk3@java.com,7.102.203.235,mT8'40|M(`N
725,Britte,Ivasyushkin,bivasyushkink4@freewebs.com,49.230.141.156,rF5~#G<K!.
726,Angelia,Duesbury,aduesburyk5@wisc.edu,77.117.95.228,hK1.nCi%QyP6(N@
727,Orlan,Feighry,ofeighryk6@google.com.hk,148.0.231.77,gR1+MVB<?e}x%
728,Zechariah,Markova,zmarkovak7@imdb.com,251.161.180.68,"hI1,=h~o&s"
729,Abey,Vaughn,avaughnk8@edublogs.org,216.44.87.177,iK3~95c87
730,Jerrylee,Dell,jdellk9@canalblog.com,118.104.254.109,oV7!GWA<1zkmLVOB
731,Marsiella,Bullocke,mbullockeka@sourceforge.net,176.180.2.74,aX4{%1VPzb
732,Violet,Thynne,vthynnekb@reverbnation.com,68.26.36.244,"jK6&$mpP4y$(}g,6"
733,Jeth,Tolemache,jtolemachekc@adobe.com,87.151.96.43,eG0{X\~ALYjQ{}
734,Dominica,Dargan,ddargankd@twitpic.com,179.14.138.145,uZ8<7C`Df!d#
735,Berkly,Davydenko,bdavydenkoke@goodreads.com,70.36.170.208,dM9%uL*>
736,Ella,Thireau,ethireaukf@cmu.edu,122.68.237.105,uO8/T?Zzc5hlv/
737,Quent,Apfler,qapflerkg@alexa.com,140.52.47.205,"hY7+yGp,\9X<MS|S"
738,Delia,Hicks,dhickskh@bigcartel.com,171.105.179.113,zK9/A&$R`T
739,Silvio,Dorling,sdorlingki@chron.com,8.64.76.37,hF8=&Cx/|/4K*AR
740,Alicea,Pheazey,apheazeykj@behance.net,151.152.25.193,uS6(Id.)%tH8B\3`
741,Willyt,Brodeau,wbrodeaukk@people.com.cn,237.64.3.14,xB4<p{rva@BJ7
742,Giorgi,Pottinger,gpottingerkl@who.int,132.239.5.205,vJ6*\gW%
743,Nollie,Sleightholme,nsleightholmekm@google.de,107.25.16.151,eX3{ku??L
744,Tawsha,Sockell,tsockellkn@sciencedirect.com,118.12.211.121,"mF6_TY"".1DY8Li$x"
745,Cleo,Skellorne,cskellorneko@yellowpages.com,187.29.64.36,yS1&RR6pkeFvQ)Q
746,Morgan,Keeves,mkeeveskp@si.edu,211.139.134.92,jR9=j6qHnXf+sg
747,Katinka,Rockcliffe,krockcliffekq@tinypic.com,166.95.16.251,"iP8}LS&fmj""u4v#"
748,Bevan,Edsall,bedsallkr@about.me,219.235.214.123,hG3=bjIx{bF3e(_r
749,Candra,Prall,cprallks@g.co,159.102.135.102,oQ4&?9&<3
750,Robbin,Braundt,rbraundtkt@answers.com,146.48.249.35,"yC6""Tl&dPz"
751,Shamus,Dyka,sdykaku@amazonaws.com,128.99.197.23,zX0}`!*tU24H
752,Costanza,Phillipson,cphillipsonkv@smugmug.com,158.7.153.115,lG6/VlB2=}5<G
753,Ariella,Hurst,ahurstkw@squidoo.com,135.222.26.74,"wO1)p2%TPeM2t,Xm"
754,Axel,Claridge,aclaridgekx@bloomberg.com,236.244.73.40,"fP4""H}(T>,M/3I6"
755,Noach,Bonavia,nbonaviaky@de.vu,17.29.15.169,"gH1,wBX}"
756,Lily,Dullaghan,ldullaghankz@ft.com,96.14.30.142,rK3|p`(cDOU
757,Doug,O'Scanlan,doscanlanl0@theglobeandmail.com,182.152.132.95,zY6<E8uHoY+4J
758,Teri,Willson,twillsonl1@gravatar.com,231.118.135.125,yK3>R?|?Pmz{H!aD
759,Beret,Greed,bgreedl2@wufoo.com,78.161.102.159,pK5#b\)PCL
760,Gery,O'Coskerry,gocoskerryl3@paypal.com,0.30.199.2,xG2<%{akFEH~
761,Codie,McPeck,cmcpeckl4@purevolume.com,64.89.128.80,mJ1\UN`e
762,Bill,Svanetti,bsvanettil5@netvibes.com,9.194.240.182,"mY8<,'@mp"
763,Ava,Rawle,arawlel6@microsoft.com,234.53.224.25,"kN3+{m@l>""C`{i"
764,Gusella,Demangeon,gdemangeonl7@nps.gov,222.50.116.183,"oP1>Z,'I|!>""aQ+"
765,Cullen,Beesley,cbeesleyl8@pen.io,47.135.189.164,rR2``HQ@)O+
766,Richart,Dobrovsky,rdobrovskyl9@tmall.com,215.24.115.85,pX0?sot7Nro
767,Rosamund,Wloch,rwlochla@biblegateway.com,228.237.138.61,dP2#x<K$d
768,Xerxes,Beccero,xbeccerolb@home.pl,94.4.175.49,pJ7._7{_3mr2
769,Ashli,Figgins,afigginslc@amazon.de,147.111.111.193,xT4`qtNWH6eg
770,Sari,Lerer,slererld@auda.org.au,213.72.189.152,"xD5{Nt,/BV53,F"
771,Jamaal,Imlaw,jimlawle@google.es,139.107.100.207,qQ7'@ma|Aj
772,Dolly,Such,dsuchlf@flavors.me,187.50.134.191,lI5@OCS*
773,Parnell,Rumgay,prumgaylg@sciencedirect.com,88.179.159.185,hH2/2U~N\#
774,Desi,Coggins,dcogginslh@liveinternet.ru,22.34.240.151,gB8@j2F0
775,Rania,Kubek,rkubekli@wikimedia.org,200.216.204.193,fP5~f&h={)a
776,Jolyn,Abrahamian,jabrahamianlj@imgur.com,193.141.61.69,fK2?egzL&IlHZ
777,Mark,Pitkins,mpitkinslk@linkedin.com,91.95.130.216,yC5&Hj3A
778,Elspeth,Vasyukhnov,evasyukhnovll@tinyurl.com,136.183.139.95,lE1<8e32B`
779,Demetrius,Sampson,dsampsonlm@twitter.com,92.54.144.219,wN2#Q6FEFc'|
780,Keene,Torrance,ktorranceln@posterous.com,133.139.19.42,dQ1@t1!9sPZYT>z
781,Merrielle,Lockey,mlockeylo@imgur.com,99.151.30.239,qA3`30)wG
782,Margret,Zuker,mzukerlp@hatena.ne.jp,110.111.181.193,jZ1~>qVcxY|
783,Dennis,Syddie,dsyddielq@house.gov,133.206.166.87,jS1%9/N1nqBV
784,Imogene,Wordesworth,iwordesworthlr@accuweather.com,238.197.206.109,gM9|aQCwQ#X
785,Bartlet,Giral,bgiralls@istockphoto.com,7.163.208.31,"zG2|,c@P>c?P>"
786,Danice,Coxen,dcoxenlt@hao123.com,64.235.232.36,"fL5&""7Y\"
787,Gustave,Shawcroft,gshawcroftlu@sitemeter.com,75.128.58.144,vF3~Tu<yME7O
788,Heall,Fonte,hfontelv@cbslocal.com,225.177.160.170,zA3\uOlYRPE1zDN
789,Hubert,Aldwich,haldwichlw@earthlink.net,239.173.190.125,pZ6)f\$f*8c~/t'
790,Kimball,Antonellini,kantonellinilx@t.co,94.16.77.156,qD8++1fwo/EivS0Y
791,Rhodie,Castaner,rcastanerly@earthlink.net,147.229.123.226,"bR2""CVyBofyu),!"
792,Estell,Conichie,econichielz@boston.com,196.210.23.61,"oO6,(Xz3"
793,Jamison,Cardno,jcardnom0@over-blog.com,205.42.125.103,oN2\OI.?vPK
794,Mace,Grigorushkin,mgrigorushkinm1@ed.gov,92.86.118.2,"iG8+TDuE@v"""
795,Libbi,Grebert,lgrebertm2@sohu.com,9.78.70.78,uO3>BP/KK1pMq\+
796,Lynsey,Yorath,lyorathm3@timesonline.co.uk,226.75.104.76,oO7}S?P!(JfxII0
797,Garv,Aberchirder,gaberchirderm4@apple.com,195.244.69.245,eF2&(pstkc
798,Grier,Warfield,gwarfieldm5@tuttocitta.it,190.25.115.194,wD3!(s0=d
799,Libbie,Gayforth,lgayforthm6@wp.com,95.86.173.160,"tR2%,o68@"
800,Corena,Nisard,cnisardm7@deviantart.com,55.90.137.226,rJ3{)?DaFB
801,Christoffer,Verrick,cverrickm8@storify.com,153.114.122.215,pG9}TE>Eiz&c>
802,Elijah,Baumford,ebaumfordm9@wisc.edu,191.55.64.243,pD8<rBx!6{uH2UK
803,Bordie,Tootal,btootalma@cdbaby.com,206.105.130.142,jZ5'grb7.#w/549I
804,Glenn,Scraggs,gscraggsmb@cbslocal.com,161.91.191.243,pL9*!y*B~Pa.
805,Kaycee,Labes,klabesmc@godaddy.com,165.86.84.52,jB2#G*'Odv
806,Lenard,Hamby,lhambymd@tinypic.com,20.251.92.220,sN2$Sg3Y1'#>op{
807,Candace,MacAloren,cmacalorenme@g.co,22.178.253.118,"tS5""97H,N1Eyfz"
808,Nessi,Grahlman,ngrahlmanmf@guardian.co.uk,49.167.177.97,"qY4@$,hEJJ0)Uie"
809,Pascale,Pickersail,ppickersailmg@independent.co.uk,223.239.253.26,eA7?Ft@eI7y
810,Wayne,Espada,wespadamh@shinystat.com,82.151.60.36,"wC6$pz,7rl`>""'~8"
811,Ted,Perfect,tperfectmi@wikispaces.com,216.41.179.231,"hQ5|R{,S>@+W"
812,Ealasaid,Craighead,ecraigheadmj@dion.ne.jp,17.51.74.140,dM2|>K8NX4BBvN`I
813,Che,Steere,csteeremk@hao123.com,169.237.159.203,gA0>e4pgmq<Z
814,Mendy,Reyson,mreysonml@house.gov,79.56.61.150,uB1#wKZxJlp@
815,Averil,Anlay,aanlaymm@amazonaws.com,23.16.169.240,mF5#veKvQ
816,Philippe,Hartman,phartmanmn@noaa.gov,15.137.231.201,yK0*RZXqJ/pLqBZi
817,Agretha,Thynn,athynnmo@ucla.edu,54.250.146.116,kT4&Ll&0
818,Nannette,Fawcitt,nfawcittmp@ow.ly,204.249.138.159,"cE3},sr|y'"
819,Dorise,Elton,deltonmq@unesco.org,11.180.190.124,oB4'XeU._.s
820,Brodie,Daynter,bdayntermr@shinystat.com,163.228.86.209,pC8{d}oK7=d6C
821,Sharleen,Ciccotto,sciccottoms@elpais.com,198.244.4.169,sL6.XL@G&(l{
822,Dionisio,Mayhow,dmayhowmt@tinyurl.com,18.202.111.67,xH1)h{Op+}5?o(
823,Myra,Ballston,mballstonmu@w3.org,42.44.16.111,kM0(&>WCn84$DR
824,Jori,Sallenger,jsallengermv@gnu.org,41.6.183.184,rH5/REzI
825,Eyde,Dyster,edystermw@virginia.edu,92.161.90.173,cZ1*HAeVazTyg$Uo
826,Tiff,De Bellis,tdebellismx@newsvine.com,123.163.124.93,"jW4,MCrT'?TQaP"
827,Fabiano,Hickford,fhickfordmy@illinois.edu,251.203.218.12,xW0<pc$5iYBH'2
828,Orsa,Coutts,ocouttsmz@shareasale.com,110.65.156.206,wF8.d?#oqYH1
829,Trenton,Dudbridge,tdudbridgen0@admin.ch,90.236.163.17,oS5?{MYW{SiioW!\
830,Katya,Tong,ktongn1@fema.gov,85.121.169.24,nR3<mBYsIpD
831,Gussi,Backe,gbacken2@blinklist.com,153.111.140.233,aF4@\B345wI&Pt
832,Hartley,Rochford,hrochfordn3@domainmarket.com,205.183.45.253,sT3#}/q\4wkM
833,Kendell,Boswood,kboswoodn4@omniture.com,11.167.5.57,"bS1'`1""kO"
834,Pooh,Coyne,pcoynen5@wunderground.com,6.25.77.10,"kC9,+0=%V(y+l"
835,Theodore,Friedenbach,tfriedenbachn6@dedecms.com,123.211.30.187,gL9/5=cKd6d}6$
836,Corny,Tumayan,ctumayann7@cdbaby.com,238.155.193.85,bX0~cAYjZ)U
837,Myer,Kroger,mkrogern8@ox.ac.uk,80.67.53.8,gR7<=7TwWdAG~=
838,Falito,Heining,fheiningn9@friendfeed.com,246.254.17.200,"hD4""H=+hmK08"
839,Roger,Graffham,rgraffhamna@feedburner.com,48.44.222.68,wC9~i@{a=kL
840,Junie,Chasmor,jchasmornb@chronoengine.com,130.138.251.80,vS7+/'.\
841,Padget,Youles,pyoulesnc@whitehouse.gov,112.114.165.178,"nS4\Wus,"
842,Thea,Burvill,tburvillnd@ask.com,71.220.63.187,cD7/j97!QNcDa?
843,Mathias,McGow,mmcgowne@flickr.com,41.62.126.157,"sA5$A7,x&sJ|"
844,Lannie,Barbour,lbarbournf@google.com.br,166.176.80.97,tX5<))KVkTo
845,Gaby,Samples,gsamplesng@cbslocal.com,143.214.141.63,"tX0?_qOj0""dbnA"
846,Arda,Stenett,astenettnh@marketwatch.com,144.105.113.173,iX4+Uc1KzeisP
847,Cacilie,Cattel,ccattelni@omniture.com,160.90.91.58,"oN2`n~,1#X.A`2g"
848,Florence,Dupoy,fdupoynj@weather.com,45.90.105.57,"fF9,@KhNqcG67G,"
849,Elnar,Chalice,echalicenk@goo.gl,25.134.188.41,jV4/qZ?7/W(J
850,Donavon,Rudolf,drudolfnl@bravesites.com,231.132.188.143,"yJ2,ooPA"
851,Delmar,Bonick,dbonicknm@howstuffworks.com,75.12.131.17,gW5!Ofm``IJ8f
852,Meagan,Hackworthy,mhackworthynn@dot.gov,103.224.112.76,jU5_p2de2JsFBC&
853,Aksel,Maffione,amaffioneno@tmall.com,139.0.90.117,fP0<EsFG_$
854,Ive,MacCard,imaccardnp@webnode.com,19.14.5.152,fO2(FW+Mg<A
855,Kristian,Siddens,ksiddensnq@walmart.com,68.7.243.234,aT0?qL}uG6GS~_a
856,Killy,Jessett,kjessettnr@comsenz.com,105.61.175.136,"nP4,`)9F?uxqVr"
857,Mal,Ferrieroi,mferrieroins@washington.edu,174.74.51.90,fQ9\ElXohys
858,Adiana,Fleming,aflemingnt@biglobe.ne.jp,237.19.20.13,pE8\nUV|69i@GT
859,Jacklyn,Rains,jrainsnu@google.de,106.181.69.130,lK9|.lRP&1jT6P
860,Gottfried,Scone,gsconenv@4shared.com,68.168.192.79,jP1#HUqqAK+W
861,Quillan,Showler,qshowlernw@yahoo.com,22.227.45.21,mT2(M~@e
862,Beryle,Verlander,bverlandernx@tumblr.com,29.122.96.133,nD0_K#%zn
863,Shelby,Kliemke,skliemkeny@examiner.com,69.104.23.200,lF5&Y$Sl.(
864,Stirling,Sprason,ssprasonnz@berkeley.edu,76.242.23.177,"iW5#E2""Ld"
865,Frieda,Watterson,fwattersono0@berkeley.edu,49.82.2.228,dM4?(XxSc
866,Stefania,Bewfield,sbewfieldo1@dedecms.com,244.220.215.234,mG5)F8!*<
867,Agathe,Jevon,ajevono2@zdnet.com,1.229.174.223,dD1/ZVoe?(0h(@g
868,Darline,Beincken,dbeinckeno3@shareasale.com,122.127.251.230,nB8#368a
869,Gabie,Petz,gpetzo4@xinhuanet.com,29.225.15.79,jT0_0#*5
870,Alessandro,Debrett,adebretto5@github.com,89.157.0.47,hH9`1M8QMa
871,Darby,Meggison,dmeggisono6@noaa.gov,110.183.132.209,"hZ2|=FmOCNX,8"
872,Alexandre,Simoni,asimonio7@furl.net,180.162.193.102,"mK2|*""Dx"
873,Cy,Libby,clibbyo8@addtoany.com,80.145.249.124,"rE5,(/vCSeZ%\o"
874,Fee,Cholonin,fcholonino9@ask.com,80.26.194.30,"jW5`?""0F!p\"
875,Bari,Mabone,bmaboneoa@icio.us,128.77.38.25,fV6@rNl'>=Hy).~$
876,Glendon,Huggons,ghuggonsob@a8.net,175.111.34.25,jF2~gSDkx!!i>vl
877,Dinah,Joseland,djoselandoc@forbes.com,216.180.132.19,xE9)Q&CJz_\0'
878,Cristie,Iwanowski,ciwanowskiod@businesswire.com,125.142.227.98,oZ5`!Mcx>}6A
879,Cate,Hurlin,churlinoe@ameblo.jp,143.165.140.108,cR2`$Iv(<sh
880,Bryn,Correa,bcorreaof@dot.gov,130.249.50.84,wN3)Nk{o%
881,Gardner,Veld,gveldog@wikispaces.com,147.9.33.184,lC0#c&ZV#&N4~
882,Dacie,McIlreavy,dmcilreavyoh@odnoklassniki.ru,197.105.102.49,pQ9>4!EQ
883,Rheta,Dawton,rdawtonoi@macromedia.com,112.216.16.253,mT7_F@|mlK`K
884,Maddi,Gollin,mgollinoj@friendfeed.com,64.208.89.67,yH6*!?+1
885,Mack,Roache,mroacheok@wikia.com,54.191.198.177,"yW8!~4d>UyS?,18#"
886,Trever,Greystock,tgreystockol@apple.com,20.118.70.127,"kY0\.Cn""V>Zk}~uH"
887,Agata,Pitfield,apitfieldom@springer.com,20.46.73.70,aQ5|Z_raQ0Y0
888,Aaron,Ginnell,aginnellon@hp.com,32.79.193.80,lX5#t{&2FV
889,Norri,Plaunch,nplaunchoo@intel.com,57.145.63.108,jU3?15{BVPe8*VK&
890,Maybelle,Gowing,mgowingop@addthis.com,67.25.33.219,"fT3%vCbc,361"
891,Frances,Hildred,fhildredoq@youtube.com,22.220.23.221,bR0?WV8kJJ
892,Dode,McAlister,dmcalisteror@uol.com.br,24.142.15.145,jA8<KLo7
893,Brigitta,Drewes,bdrewesos@ca.gov,209.20.169.175,jF9>T'&g/IDr
894,Marcela,Ochterlony,mochterlonyot@seattletimes.com,16.97.7.47,"vS0$m0m"""
895,Bobina,Langdridge,blangdridgeou@g.co,71.0.21.40,"jA6{n0,""S`SzwlD"
896,Vance,Betton,vbettonov@youku.com,168.42.158.216,nB7*GESP/*D
897,Kippar,Roache,kroacheow@unblog.fr,26.5.192.2,aH4$9YVLRMViHI
898,Leonardo,Willarton,lwillartonox@blogspot.com,65.210.220.126,jA1{b1@{hAPc
899,Ruddie,Koppe,rkoppeoy@furl.net,154.123.201.3,nS8?=_V'
900,Pia,Krysiak,pkrysiakoz@yolasite.com,206.27.98.96,gQ1&th@cZ
901,Andrew,Entres,aentresp0@engadget.com,229.214.216.205,iE7{Bwumb>am!t
902,Paulo,Siegertsz,psiegertszp1@i2i.jp,138.88.105.245,"jK1>!w'DhN""v&"
903,Alana,Pettiford,apettifordp2@webeden.co.uk,234.67.10.192,qA0<CT9}
904,Kate,Colebrook,kcolebrookp3@irs.gov,168.74.18.157,"bR1?G,aU$)}k,O"
905,Powell,Pedrocco,ppedroccop4@phoca.cz,142.54.183.173,"rK2""2/,7#NBwMk>"
906,Ferrel,Pughsley,fpughsleyp5@woothemes.com,182.92.87.252,cC0=Fjlqr!v<
907,Anna-diana,Goshawke,agoshawkep6@1und1.de,214.106.137.149,hQ2#0Z7%`RPO3
908,Dillon,Skrzynski,dskrzynskip7@godaddy.com,74.192.95.196,sR2&{\*/n.2<Z
909,Birch,Lintill,blintillp8@fc2.com,185.173.243.66,vR0%vd!)V5
910,Koenraad,Rishbrook,krishbrookp9@theatlantic.com,25.242.148.105,tZ9/x@N+6n2BPj{Z
911,Reg,Bangham,rbanghampa@hostgator.com,124.197.193.244,"bX1`qe|Q/,$f"
912,Karita,Senton,ksentonpb@nytimes.com,91.135.173.252,yC5+HVqg
913,Laney,Kitchenham,lkitchenhampc@nytimes.com,53.127.175.79,"sQ4<,Vg/Gzwm"
914,Madelaine,Mumm,mmummpd@squidoo.com,184.108.203.253,vC0=O~XY0$g38
915,Stavros,Kowalik,skowalikpe@infoseek.co.jp,167.170.97.15,gJ1(44~XEqp\h
916,Anissa,Greschke,agreschkepf@thetimes.co.uk,84.190.178.233,oC2<!'z9Q
917,Warde,Hanigan,whaniganpg@columbia.edu,3.164.160.209,cJ3&HPdc{8n31N\
918,Lucina,Tall,ltallph@walmart.com,72.208.202.166,dH7\8el_
919,Martica,Brotherheed,mbrotherheedpi@fotki.com,126.120.34.206,sV7|5Q@5o9A
920,Bordy,Raycroft,braycroftpj@about.me,110.65.73.198,yO6_tkWdXs
921,Drusi,Consterdine,dconsterdinepk@ucla.edu,74.223.22.186,cI8+C02_$q%LGwmI
922,Alfie,Tongs,atongspl@jigsy.com,211.201.152.244,fU5@J/Hzb
923,Gillian,Titcomb,gtitcombpm@wikimedia.org,111.85.224.173,xI1!F.@@
924,Leopold,Cornelis,lcornelispn@rediff.com,82.138.223.34,cO9*_+J{ayjf
925,Anallese,Kemmey,akemmeypo@opensource.org,35.118.142.226,lJ0'Fyuzl#
926,Elston,Blaby,eblabypp@mtv.com,232.199.90.24,aT9\33Q>
927,Chan,Scullion,cscullionpq@admin.ch,42.59.174.90,sI8%CBO=
928,Nevins,Menendez,nmenendezpr@patch.com,239.118.248.155,cI1}u*0P/$TvwS`n
929,Erin,Sellens,esellensps@unicef.org,13.173.159.28,qT3}Ut)Qgl
930,Spike,Keppel,skeppelpt@squidoo.com,197.142.10.224,vX5.=#Z64T4WT
931,Nettie,Vearncombe,nvearncombepu@adobe.com,143.45.38.217,qU3)a6JEn
932,Karel,O Sullivan,kosullivanpv@unc.edu,85.236.139.8,tH9..hu{>ekQ>
933,Horace,Baszkiewicz,hbaszkiewiczpw@sourceforge.net,47.61.187.205,sZ3~tXEr6
934,Erwin,Crannach,ecrannachpx@latimes.com,169.52.119.226,tA5)Uj8|AE)B}m\0
935,Jarad,Kordovani,jkordovanipy@is.gd,139.224.47.19,rN7(AypPS'%@=i
936,Joe,Frodsham,jfrodshampz@disqus.com,216.138.82.173,qA1#m?eww
937,Ethan,Taill,etaillq0@tuttocitta.it,139.197.189.97,mF7+ChUk0
938,Craggie,Franciottoi,cfranciottoiq1@economist.com,216.58.139.21,eZ0>~#j`h
939,Kristos,Blakemore,kblakemoreq2@fastcompany.com,57.142.123.223,"iB5""A1uXb>cu=mr"
940,Kris,Legging,kleggingq3@eepurl.com,31.235.9.195,kJ2>`Fng`4ee?O+O
941,Greggory,Geipel,ggeipelq4@guardian.co.uk,31.166.107.129,lX4_|z90VzvF@CMt
942,Emlynne,Bessant,ebessantq5@nifty.com,232.208.16.232,eW4!WHa7@$)8w
943,Doreen,Neasam,dneasamq6@printfriendly.com,190.185.195.196,"mJ6""A""|3tY{?f1A`"
944,Ogdon,De Hoogh,odehooghq7@odnoklassniki.ru,98.36.130.113,dZ1#hZQ}2EHk
945,Odo,Fulbrook,ofulbrookq8@scribd.com,190.78.66.92,xL8?gz9d}=CZN
946,Natale,Weiss,nweissq9@senate.gov,145.156.111.34,"kS5""3sGZMK%!4I?"
947,Cybill,Menchenton,cmenchentonqa@sciencedaily.com,36.177.134.175,sT7|\IVFnp
948,Rosalind,Woolatt,rwoolattqb@artisteer.com,195.156.21.233,iN5%k1)Fwh
949,Meier,Savidge,msavidgeqc@indiegogo.com,5.120.197.39,kA5(MS0~e+uO*&%
950,Yule,Tregona,ytregonaqd@over-blog.com,52.34.157.71,wV5+Qc1Jb/@eC%jI
951,Isidor,Tadd,itaddqe@icio.us,70.219.18.76,"dC9<*|SnhoO,>GLf"
952,Robinia,Pardal,rpardalqf@seattletimes.com,116.127.43.20,gA6<kyCiW
953,Rozelle,Yallowley,ryallowleyqg@ibm.com,172.251.18.25,dW8_\UP#
954,Porty,Carvil,pcarvilqh@un.org,222.152.71.215,xW6'EwR59mGI'u
955,Sonya,Dungay,sdungayqi@php.net,85.189.135.178,uH8=F%A~ACSgc)/_
956,Allyce,Putman,aputmanqj@parallels.com,191.86.6.143,"kD6&bV/1vZ@Q""Fv"
957,Garey,Seals,gsealsqk@plala.or.jp,199.185.223.82,bW7{a?fS~N`
958,Rubetta,Bakhrushin,rbakhrushinql@arstechnica.com,224.46.206.82,pI2{=sN#VJO5%0R
959,Rooney,Tregonna,rtregonnaqm@addthis.com,103.48.125.0,"wE1!7""s>2Sq"
960,Court,Cloney,ccloneyqn@disqus.com,130.201.26.99,"mW3,b&6h5|QQp"
961,Dina,Eads,deadsqo@mozilla.org,199.5.132.215,"gE6<1(_V`""so,"
962,Horten,Lamball,hlamballqp@google.es,52.188.84.129,uI9@Rn!elcYhMri
963,Eveleen,Rookledge,erookledgeqq@npr.org,90.103.202.55,cJ8=C>6k
964,Paten,Dewfall,pdewfallqr@github.com,141.192.222.20,jB5.Z(_QZ{IjI
965,Barrett,Triggol,btriggolqs@google.de,211.192.1.162,nW2=\J.y5i
966,Mariette,Southern,msouthernqt@people.com.cn,117.135.163.72,dS8\Y79'a<
967,Marin,Hanster,mhansterqu@va.gov,60.203.226.239,uU3/|B%BY6
968,Elsa,Mockett,emockettqv@live.com,82.42.32.143,"wN0$mrF|+,P5MWA"
969,Nanice,Giacomoni,ngiacomoniqw@desdev.cn,150.97.39.169,oZ7/nFj73M\d`
970,Elijah,Remirez,eremirezqx@smh.com.au,191.60.141.140,"wO6""Z,P4'l4?li"
971,Marina,Larway,mlarwayqy@reuters.com,21.21.130.12,fS0>ol4Wrb'Fj'
972,Orlan,Gerleit,ogerleitqz@zimbio.com,127.154.140.237,hI7\J2nZ?k
973,Morgan,Kennally,mkennallyr0@dot.gov,164.6.75.102,nV3~c2v5&_\A
974,Renault,Penvarden,rpenvardenr1@microsoft.com,110.252.6.13,wZ9)OB4AR
975,Ariel,Santello,asantellor2@ft.com,28.4.89.193,"eM1*tK,E"
976,Cynthie,Harnes,charnesr3@nsw.gov.au,218.26.169.139,qB2(K7B3=pz=lw
977,Modesty,Tschirschky,mtschirschkyr4@eepurl.com,138.119.48.118,mE1*(t=1kivYo
978,Bambie,Fassan,bfassanr5@theatlantic.com,45.104.150.78,lI5`?{~_z9
979,Esma,Simmill,esimmillr6@prlog.org,224.228.121.23,aM3<*2d+Q3f*kH
980,Janka,Slite,jsliter7@tumblr.com,180.72.130.68,iD9}ba@_6g>5l|
981,Ellene,Dumphreys,edumphreysr8@mashable.com,90.243.136.158,"jK8\8b_!m>ue""="
982,Dre,Twyning,dtwyningr9@skype.com,200.134.186.53,tP4'zKfa6XrT$
983,Izzy,McTrusty,imctrustyra@rambler.ru,199.32.225.127,aV4$W2B.F|N
984,Modesta,Humpherston,mhumpherstonrb@admin.ch,32.3.90.196,kC4\6u<0S
985,Rory,Normanell,rnormanellrc@g.co,204.28.141.63,dA1#IED~LD
986,Aurie,Starmore,astarmorerd@dot.gov,180.195.15.186,cM8({S6\Y
987,Daisi,Brittain,dbrittainre@cyberchimps.com,45.255.95.41,hG6+z+o+<RBs
988,Mayne,Suthren,msuthrenrf@ning.com,88.118.141.165,uK5/cP0?9b8?<P6w
989,Cullan,Moncreiffe,cmoncreifferg@ezinearticles.com,123.145.190.115,qB2(+dPRPPg|zDBh
990,Katherina,Jest,kjestrh@diigo.com,14.11.106.186,kQ7<Y)hkdhTlyk`
991,Ozzy,Edmonston,oedmonstonri@studiopress.com,98.34.227.31,zA8>bwKG
992,Phillip,Tomasutti,ptomasuttirj@lycos.com,204.174.205.139,aI8*mK*eWiig+?
993,Jacinta,Ivons,jivonsrk@webnode.com,145.171.25.149,lU7\?GTtGY}l?0
994,Gregory,Leupold,gleupoldrl@miibeian.gov.cn,251.149.141.246,"oV5,/jpgU0e"
995,Brittney,Dupey,bdupeyrm@blinklist.com,190.222.39.104,"aP2""uD*k{~e?2O"
996,Lucille,O'Hartigan,lohartiganrn@ocn.ne.jp,34.241.202.125,zQ9<So{'o{$_03}
997,Arri,Pantone,apantonero@tinypic.com,120.140.22.58,dR6#~Jv|>N|0YE
998,Aland,McGinnis,amcginnisrp@yandex.ru,42.250.42.118,iZ3'7hZ)_E
999,Tom,Goricke,tgorickerq@cloudflare.com,206.148.136.164,wM6{_QVs'=T?9
1000,Shalom,MacInnes,smacinnesrr@latimes.com,124.68.51.201,"kN4.""T|w)A``De"
