id,email,password,username
1,vjolly0@pinterest.com,oY0*CU`&Wb?Ld,jrunnett0
2,rcitrine1@parallels.com,hP7?wE@vKP,cdolling1
3,bbandy2@canalblog.com,"tY1~zpmo,cGD_/F",bwoolbrook2
4,bflett3@blog.com,aD6~$`**(,sbannell3
5,hmcskin4@elpais.com,fI0#3A=Ssu,lkahn4
6,ashadrack5@macromedia.com,nW3#o(~TJd6N@?,mcrasford5
7,zmargeram6@dedecms.com,hO4'JZt7J`,jfilliskirk6
8,wmeads7@behance.net,oF2(?I+4ET\)0D>5,hpinnell7
9,cgother8@cornell.edu,uF9*6.=x}h%eV8,tdessaur8
10,abehnecken9@paginegialle.it,bA3%1&>Ls~gB4,tfreeborne9
11,corrocka@networksolutions.com,kO9&k)bxH),ncotelarda
12,jrubieb@google.ru,hB5_PI4)R>FM=,fregglerb
13,hpirellic@oracle.com,xT1@Lru.,ewetherellc
14,dthorroldd@va.gov,bB4@dO0+DN=,kclemintonid
15,bsumblere@cdc.gov,dT4%{W.~7'<0z6,odobbyne
16,mdawtref@facebook.com,uR9~~%@j},tlysaghtf
17,mtottong@constantcontact.com,kQ6|(psndBb},eamesg
18,rdresserh@spiegel.de,dH6_w<+t0Ft<,emattaush
19,cstiegarsi@vkontakte.ru,"aZ3`RN}7NjB""",bchillistonei
20,abrodiej@imdb.com,eP3#57Xt*m){Kt,sdalliganj
21,jdiverk@globo.com,eN2/O1F_,arollk
22,mewinl@apple.com,nD0*&SenWj61C,rhorwelll
23,atownem@booking.com,bK8|o.~(JJD,pandrewsm
24,lchinan@uol.com.br,lS9\3!..<9`BSo2,vcubbinellin
25,bparlotto@a8.net,gX7<M|M#b2v!,malonsoo
26,aironp@bandcamp.com,"rB6@bj,Wcin(@R_'",bgilmourp
27,odiggesq@businessweek.com,nO4(2Lb<il!,fpoundq
28,kroblour@fda.gov,zU6&ZB|'J&|rzXo,sgosalvezr
29,fsiddens@netlog.com,iR8~>$BzPFKP*C,gflewans
30,jburmant@themeforest.net,"mE3,9a/#cU&H",cwimpeyt
31,smackaileu@mac.com,vZ6?i*3UrgoD,zmillwateru
32,tosbornv@digg.com,mM8@Fo=r=,rjaquinv
33,aconfaitw@arstechnica.com,zG4+(J6Tm,wcheekew
34,pkingzetx@sfgate.com,"bH4,N%\`2Cs5q",skindreadx
35,lshearery@goo.gl,uP9/AzFY5,mhaskayney
36,isandercroftz@ow.ly,"jI7%bmFY""FjXNA",hcheesmanz
37,ghurle10@amazon.co.uk,jG9$2yzeIHu,mpiotrkowski10
38,rblackhall11@princeton.edu,"hP2<e,U*""}Y0w",gyoselevitch11
39,vmcpartling12@gnu.org,rS9<WAa2dUhaJlBp,wbigby12
40,ntankard13@npr.org,aM8>M3ZA\MH't,lmapes13
41,rmarr14@wufoo.com,eM4(uH3F9GT,dmead14
42,jharbin15@1und1.de,vA9)kBoMOSG%,pminall15
43,cbranston16@addtoany.com,"oF6,.Bg&.",rspurr16
44,pcasford17@soup.io,gS1(C&>1nv*,skyne17
45,utabert18@ebay.com,nP9*v\d'3,sjoiris18
46,bschollick19@auda.org.au,aB9/DEurV.8iSgf},krunnett19
47,chambric1a@wisc.edu,"tZ2""K<yo8Xx2s@",nbourthoumieux1a
48,rfilippone1b@uiuc.edu,"oR3@,KG6SL`l}A",snewby1b
49,letty1c@purevolume.com,wN4?+hZw8+|RaV,alahive1c
50,mmccorley1d@ucla.edu,zL9+K8/#,gmayger1d
51,kwatman1e@bluehost.com,fP1<F!~IK,bdrummond1e
52,zkalinowsky1f@msu.edu,fC2_mHcB,fambrosoli1f
53,eoaten1g@apache.org,"gD9?h""FbjR!\))x",wmarquot1g
54,bsawkins1h@usatoday.com,"uD0$,Tgg0%a5C",schristie1h
55,ahellicar1i@sohu.com,pQ5#Bh`G\wnZU/\,bgoodger1i
56,cskaif1j@bloglovin.com,"tI6_4nJrgM/,""\",pstockbridge1j
57,cbradie1k@is.gd,mY1%=uSQP6,mnotman1k
58,teasthope1l@moonfruit.com,xZ0+<qWz/,dpuckham1l
59,tganforth1m@surveymonkey.com,"kP3=s'""X{@OVY$",ekuna1m
60,eraun1n@businessinsider.com,fH5>8()@wT?,bgaine1n
61,wsorbey1o@google.co.jp,"kJ5`RP,%<8dg=n",gkiera1o
62,fchivrall1p@dell.com,tV1&mHi'0c&,ppullinger1p
63,brayment1q@macromedia.com,eM4+63|)}a,mgarric1q
64,fireland1r@prweb.com,gV4(&QMh?xiT?,bwardle1r
65,isinfield1s@reference.com,eJ5_IGB+J+*Knm%,ecottell1s
66,ldaley1t@ask.com,"jF8*ni=""HDR0tN7T",mbottle1t
67,irozec1u@nbcnews.com,"qR2,$~Y%DNS",ptant1u
68,eeskrigge1v@weibo.com,nL9{9gJ4,dtrudgian1v
69,asuffe1w@ow.ly,zV7'7r|'W&Jv+&,vfrancie1w
70,aannott1x@ucoz.com,gN3'4Xr`Z$D*d,jthackeray1x
71,ereuss1y@zdnet.com,pK4!rX$rf+jofJF7,lbaniard1y
72,jzoephel1z@columbia.edu,xG9_7r5(v,acocke1z
73,jmoreinu20@ed.gov,"nK3,o&3.",tsouthernwood20
74,lkobu21@mayoclinic.com,"cV5\q(D.,wsq41",cphair21
75,jadriaens22@cargocollective.com,"kK4+Brr""a!=IP|",dantoniutti22
76,mhelks23@google.ru,yO4}KO2/N>rK'`},bwestoll23
77,gsales24@wikipedia.org,rP2%7Zur}(cQ8,dsentance24
78,ltonner25@altervista.org,lA4!$#wsSfqi4.n,pgatley25
79,ctrillow26@lycos.com,sH0>NHGHz&@,astanyer26
80,atrainor27@arizona.edu,mH7'Bn>_{\,wbjorkan27
81,afurzey28@amazon.com,"aF6?UG""<pqUgi2",schrister28
82,kofergus29@washingtonpost.com,jE0'QayZmaW$3,vmacanespie29
83,smiddleweek2a@ucoz.com,sP2|RW?`~,jolin2a
84,hmawtus2b@tamu.edu,qN6/)bgKI|Q9+,aglewe2b
85,lgravenell2c@slashdot.org,xU5=p4>>loNYYB&,amacneish2c
86,cduncan2d@4shared.com,yT3.*c4#f,mhebbard2d
87,dbertelsen2e@1688.com,qL7=x7*{,ccarah2e
88,khurdis2f@ocn.ne.jp,oE6*z'9hy,lcolegrove2f
89,rwookey2g@tiny.cc,mN1)So&$jOqf,nwoolliams2g
90,fbortolozzi2h@printfriendly.com,yN0}f>ZCV`<4,blyddyard2h
91,cforsdicke2i@google.co.jp,wE5@r(ebbR,jcattow2i
92,egebb2j@samsung.com,eV4_Ye+8,bsiverns2j
93,ddelacourt2k@gizmodo.com,"rH3$|""mz/<",opowys2k
94,rpittel2l@oracle.com,dN4(uD$~H,elipsett2l
95,mgierhard2m@meetup.com,"pZ9))+""@+4",kgwyneth2m
96,kcurry2n@constantcontact.com,eC5(yba5.R}r8ou,mwensley2n
97,mcoarser2o@naver.com,zQ4'Cm#v,kkidner2o
98,pelloit2p@flavors.me,tC5%nRAgHHc0,sflacknell2p
99,sdjurisic2q@google.co.jp,vP9!v'v>7,syewdall2q
100,sfeld2r@shinystat.com,zT4}<6AN<?W,jgirling2r
101,rhawken2s@irs.gov,"iF2|K""k1l#",fmcgiffin2s
102,smoreinu2t@devhub.com,eV1+jR<`Vj'aAB,blantuff2t
103,phamper2u@yellowpages.com,vC4(V+le#kuBPj,kaluard2u
104,gceschelli2v@theatlantic.com,xK1'.SF)vaYqh>,ehunting2v
105,rleahy2w@foxnews.com,"cP2'{,xvC,ju=",sgreenhaugh2w
106,jgrayland2x@slashdot.org,gL0_3jf=MO?|ML>m,mhaker2x
107,lbenns2y@aboutads.info,"cO8}$Ej""C8#!>fU&",amacairt2y
108,lwearing2z@shinystat.com,lC8<GqeqN,jdinan2z
109,ykalisz30@deliciousdays.com,zI1``u9i46Csg9tA,slinzee30
110,cshillito31@ucoz.ru,oD7#?eG61R~k'<x,rschouthede31
111,ntwohig32@npr.org,kA6/3qHj,rcaush32
112,dbrisco33@wufoo.com,rT8_r!\r?S/N~q,jstadding33
113,cvenn34@latimes.com,"yF7'r,|2nrjGmX",civanyushkin34
114,jstower35@businesswire.com,uX9_c1CI,ktoppas35
115,homullen36@canalblog.com,bB6&78$fma+5,dstaning36
116,bhelsby37@shinystat.com,bI2.@ro/XpF,melsmor37
117,ggerdes38@hao123.com,"yB5&wY=,x!&UYl""",jmccory38
118,eterren39@cornell.edu,kZ4{IwG+YSk2C,chaughian39
119,kmcmichell3a@topsy.com,zA9<.LP4IeT1G*T(,bbreeder3a
120,glunt3b@imgur.com,"eC2$M=A3,=bIhvL0",rradband3b
121,selrick3c@indiatimes.com,uE5&=3Im,dblain3c
122,mgiraudy3d@salon.com,lK6'n%5gNG%',msember3d
123,dhechlin3e@ask.com,oW5{VG\Q8{j,rbuckie3e
124,agordon3f@wikispaces.com,"sT3#pKfaq,ld|WC",rduly3f
125,cbrokenshaw3g@nbcnews.com,"yU9+E~Q75g""S_",ahannabus3g
126,gfraczek3h@drupal.org,vX6!mA?#+!jBV,ddiprose3h
127,amushawe3i@360.cn,vG4(Wfh&k<)3llH),ajallin3i
128,pdebruin3j@yahoo.co.jp,kJ9`gMljTz6,cklementz3j
129,mlehrian3k@nytimes.com,"uA6@4""a""RW",medwinson3k
130,dtatersale3l@webeden.co.uk,hQ0{'IGZ`fe)W,afuxman3l
131,astuttman3m@aboutads.info,cR2'W%0N)p6v,dwilkin3m
132,bstjohn3n@nydailynews.com,sM0=OJ{9O,scothey3n
133,mkindell3o@utexas.edu,aF6~CQQOeb(!*,smallard3o
134,jhousam3p@tuttocitta.it,dD4%$`R0WI,etutsell3p
135,lgorce3q@cyberchimps.com,"wB5)u."">to#E",csueter3q
136,tmilbourne3r@rambler.ru,bW7*?JX>jCgQ}o30,tboyet3r
137,smacneilly3s@utexas.edu,gW6}K`rozoPS(,tcruz3s
138,jdyte3t@soundcloud.com,"cL2|%jV0,>",ddigance3t
139,sgoodliff3u@miitbeian.gov.cn,hZ0.jb)Pa~|r+fP,bmacclenan3u
140,leverex3v@tumblr.com,iC5)670m.9acz}=,kspowart3v
141,bbraidon3w@nationalgeographic.com,oY9}E(fp(iu,tleyfield3w
142,owolffers3x@theglobeandmail.com,yJ5*'0rW/\NFE_!p,aedelheit3x
143,slea3y@kickstarter.com,kZ1%m(nV`,tyukhnov3y
144,jimlen3z@huffingtonpost.com,sK7|%&w~.,blicari3z
145,whinemoor40@geocities.jp,vL0$/!xp,astummeyer40
146,gadamski41@bigcartel.com,"mJ4""!)f!n2i,BM3",hbattista41
147,lbrokenbrow42@prlog.org,nH5<*Mt#O9k,adelabarre42
148,ebuddleigh43@uiuc.edu,wT0+a9gQ.bjD=Ng,eosgood43
149,ccerro44@bloomberg.com,aZ6$c5JNdZdk|eb,vtungay44
150,plambertazzi45@flickr.com,lS2{LX+0L0,sdirr45
151,sdickings46@rediff.com,"fS1,l)Cja7'nA",rharvison46
152,swelband47@ifeng.com,lB3#{_!y9,mgierek47
153,irushmer48@sourceforge.net,"kT2""*6<*",mkilbee48
154,adenniss49@gmpg.org,sH1>d1/<ZByQd}d5,cspinage49
155,kdacth4a@t-online.de,kF8)?1}AXisv&X7,mcozins4a
156,dweeden4b@sciencedaily.com,oL5{GhFLn,pmcmickan4b
157,mhauxley4c@so-net.ne.jp,"pA4,@*deC&P7/65v",cbarrand4c
158,fsweeny4d@desdev.cn,iL6.kI=t,emolfino4d
159,jbysshe4e@istockphoto.com,zK8.=aOW(X$,tatcherley4e
160,abakhrushin4f@live.com,eC0@Sm`mzL,blilburn4f
161,klucien4g@scribd.com,hZ3%wzmDcjO~eq5,cbernhardi4g
162,bgudgion4h@hexun.com,"nZ6'&N7\Bzh~,_#",rfollit4h
163,kbotha4i@google.de,uD5=uS_cR2/Wf},ealessandrucci4i
164,sseven4j@unicef.org,aA4@kH'Y,mgiacobilio4j
165,bcordova4k@plala.or.jp,vQ0!77klo,lbickerdike4k
166,rcaff4l@cornell.edu,"hF6""SZ0b<p",aolehane4l
167,rpozzo4m@icq.com,"fH1""JWN|@gs(b<gE",pkleehuhler4m
168,olitt4n@i2i.jp,"qD3=cI""HMF_hW",drandalston4n
169,lplanke4o@elegantthemes.com,"eY1|yV""@qI",wmilius4o
170,gmichal4p@ezinearticles.com,fK9<k&Dg<,fcurcher4p
171,aashwood4q@illinois.edu,iQ4<Zh0|bw,rdeinhardt4q
172,pkeslake4r@pen.io,iH2$h5}hvXslv#},lcockling4r
173,jcoiley4s@bing.com,mM6\q~vU,snurdin4s
174,lbelderfield4t@hatena.ne.jp,"pF4"")""LjJ0(\0tI",cmcilrath4t
175,hboxill4u@cloudflare.com,kU6+G/cx>,amaccaughan4u
176,vmogridge4v@eepurl.com,gH3|UYEKgH~Zb,gcantopher4v
177,eadamthwaite4w@vk.com,"hU3""""'IgM'8w",mshall4w
178,rwillman4x@skyrock.com,zK3}>A`z2Rj4r,kbaty4x
179,bbroadbridge4y@cbc.ca,eC6`a7f5',abegg4y
180,aclemow4z@globo.com,uU0$pjHQ`9\,gburdess4z
181,sdake50@addthis.com,"yR2()!i$,`$Bk",pjacobs50
182,denticknap51@icio.us,nI2~+%S8>2A>O,aeggins51
183,fduran52@oakley.com,"jV9!""T}tb4@*ie4",jpantridge52
184,bgarrelts53@examiner.com,oT8}TCM!1?b!bd<,rcreyke53
185,msaiz54@admin.ch,zO0_i3~B_MwFvS,sputtrell54
186,sgamble55@networksolutions.com,yJ3|J8lBfzZEM7sf,lprettejohns55
187,mhelkin56@bigcartel.com,iE6%S%a)C8Tjlc,atate56
188,abarsby57@ask.com,nZ9'1V9RO<hA'~_,astempe57
189,xfrascone58@apache.org,"fH5""UK1VV}",junthank58
190,kkimmons59@fda.gov,gW9)JFbIGyhC|95,cruperto59
191,gregler5a@freewebs.com,wK4\sR@CV<Ad,cbahl5a
192,eheild5b@stumbleupon.com,dR6(@/M%L|V,abannerman5b
193,vockland5c@ebay.com,qN6`bJ*FyC!\90~,wlaphorn5c
194,thouseman5d@e-recht24.de,nZ9.mzxee?KdHe{,rfasler5d
195,mstife5e@ehow.com,"eJ5$e?P=,eDO9",rlatehouse5e
196,rlatchford5f@g.co,tA2.kQ_g(h>lwS,sthyer5f
197,tcampaigne5g@china.com.cn,cN9%3SQL1vzi8,jburgise5g
198,rdelaspee5h@xing.com,oY6(K>i$x!z,crosenauer5h
199,namis5i@harvard.edu,xD2)FY9<3KBCt,shawkslee5i
200,charcus5j@cdc.gov,hP7_y?U%Owd*`g,nmosco5j
201,kstaynes5k@comcast.net,aX3&ipZU,bboard5k
202,tvakhonin5l@plala.or.jp,yQ4.b'Hz\@`<zN/q,ssymonds5l
203,mdunning5m@gravatar.com,oW1|@vxR,gfansy5m
204,ebosomworth5n@ning.com,"bL1?""41?|$,T",splait5n
205,temlin5o@woothemes.com,tY3!qUi_rd@R,mmityashin5o
206,kkubecka5p@biglobe.ne.jp,xY2$kw%u,hlabrow5p
207,wamber5q@usgs.gov,hL4?hD_b@G4,edevon5q
208,edennant5r@craigslist.org,cC9.)mGcR8,oredfern5r
209,gwerrett5s@nasa.gov,cQ3$%qmx{&i,cfinan5s
210,rcumberpatch5t@cargocollective.com,"vX5,z/|8f'%",tsherston5t
211,lkinloch5u@unc.edu,jM3!#yU{3Q,brableau5u
212,lprinett5v@newyorker.com,"sQ7@9,Kx}qx5B",ftockell5v
213,fsheather5w@webs.com,jG6<+Sj(J,fcana5w
214,shouseman5x@sitemeter.com,"kW6%g>M5!""uP",skenwood5x
215,sepsley5y@trellian.com,zM6~.q\}RI,tdeeble5y
216,ecrudge5z@mail.ru,uY7{pAUgtI,mspelman5z
217,anevett60@e-recht24.de,gG4('JrRHpGEQXZh,lbabb60
218,mmougel61@bloomberg.com,mK1/?cbaS,esarney61
219,dkisbee62@salon.com,fY9}CGbfB(x(%,fpreddle62
220,sdemullett63@soundcloud.com,dX0`S<FgM}m9C!N@,ekorting63
221,jmcclymont64@shutterfly.com,"tA5$K#krs#FL,g\M",clardner64
222,tmccarlich65@youtube.com,qT5*?!0&n,tbriffett65
223,ckinnock66@cdc.gov,fO2(WYzG|?M>Vqt,ddebanke66
224,scicchinelli67@phoca.cz,dA8~}Nh$WmjoCUq,hstuck67
225,sarondel68@tmall.com,mD2'5K+>=,ogoodhand68
226,bdobrowski69@tumblr.com,mH9}s+/#1R,cdiggle69
227,fparrish6a@yellowbook.com,hV3}H(oT`cla,jmurley6a
228,okurth6b@geocities.jp,"aK2,{ygfRqt@",ckinforth6b
229,lrestieaux6c@stumbleupon.com,iB5`D7APmjucl6,aknibley6c
230,aheggs6d@google.cn,"pL6<f""k<LU4",csaward6d
231,ggrint6e@alibaba.com,rE5_Q@\m,lbatchelor6e
232,kbridgens6f@digg.com,tF6=1V.D,lmarie6f
233,cguidini6g@nbcnews.com,hS4#HxEJA,irogier6g
234,ebanfill6h@sbwire.com,sW1|jSOmM,breeders6h
235,cgounot6i@yellowbook.com,uO7{TjNeC=,hspada6i
236,bgallandre6j@businesswire.com,"bC6,1vb6",mdavidsson6j
237,pyea6k@engadget.com,dL6<LyYWd,agarnsworth6k
238,bmartignoni6l@feedburner.com,kN9=5'CU,rcoleborn6l
239,emantripp6m@ocn.ne.jp,"nD5/zG%OB@t,~OD",gbalke6m
240,hsein6n@cpanel.net,xY3@HyB0,dhuitson6n
241,rstlouis6o@webs.com,eS5+3mOeK}MUD,ehamp6o
242,bkelner6p@senate.gov,vB9&miWC7J,ctrynor6p
243,ojeannenet6q@cyberchimps.com,zI5&+cdo.,kjervois6q
244,cfranek6r@dagondesign.com,fU8'V<zj>VKy=r,kpopelay6r
245,yandriveaux6s@xrea.com,qX9~tY1/+k$QqTWW,tkingwell6s
246,atickle6t@google.co.jp,wE3!Pg}W<i4F'\8J,kcullivan6t
247,mtrenholme6u@gizmodo.com,wV5%duP9Gz{,rlovelock6u
248,aslingsby6v@dion.ne.jp,wO3'O6u>Zli`Q%lq,lszymoni6v
249,fhabbershon6w@arstechnica.com,"dX5""&4(%GYC`tU4",gshalloo6w
250,edibatista6x@github.io,"pK7),@w'?3sZG())",fsullens6x
251,plande6y@nsw.gov.au,fZ5'?i&vQ{d7,pmccord6y
252,mdanilovich6z@linkedin.com,"xE2*gI2""",crapport6z
253,dclemett70@google.it,wA9%L|?QK67F+lah,fprugel70
254,dchellam71@plala.or.jp,"dZ3""7@1p}`",abarber71
255,edraisey72@cbslocal.com,rX6<`=#gdSn0,pwinsborrow72
256,rlancashire73@yahoo.co.jp,pD0=<UpC3MBhB,jharmstone73
257,bhurdedge74@arizona.edu,nS5~8pw?`MH3EIC,tmetcalf74
258,sgregor75@bizjournals.com,"hS0~1~O,q6pI5AKA",lbennet75
259,wmazzeo76@indiegogo.com,gH7'&9`*_A,clangeley76
260,jdewer77@etsy.com,"bZ1*gvqdv""trL",tzoppie77
261,ahawyes78@wix.com,"lP8}b9)u,",jruoss78
262,gluxen79@harvard.edu,"lP3""zq(KIHlx>Fr",wcowthart79
263,egeldeford7a@uiuc.edu,mK0?chz8\F/&C\,fadger7a
264,hbizley7b@upenn.edu,tA6/uB9bg,sluney7b
265,edaldry7c@github.io,bW2!)TGX+M,kwigsell7c
266,bkarppi7d@over-blog.com,hO4|}@iaUNI66)Al,blamball7d
267,lhacquard7e@nymag.com,eX4@_XuM,dflintoff7e
268,acornhill7f@yellowpages.com,lA3%e$(=,agirault7f
269,jdumini7g@homestead.com,eW2~5Zg.TJKl=`g,gcarff7g
270,eclulow7h@weibo.com,wD8))&C)N2tp,mshutt7h
271,bvondra7i@apache.org,eY6(vi2>&~dvVCK,cdicky7i
272,cmawson7j@hud.gov,jZ4|~SL*`uRUMV,kdran7j
273,bagent7k@51.la,sO0`}nGMxS1jTS,dhuxter7k
274,ebonicelli7l@de.vu,sY8/W0)~<\Jj,eputterill7l
275,jmudle7m@addtoany.com,fW7(0<N~x+w`c,lmckue7m
276,thargate7n@qq.com,sF0&ifsY,rwitterick7n
277,hwillder7o@naver.com,pF5`$bEX?QJ)5*8,thiddersley7o
278,mstquentin7p@amazon.co.jp,bN2{}%#=WK7q,tstein7p
279,hwindress7q@livejournal.com,aV8'&n/zAt,cwitt7q
280,hauger7r@japanpost.jp,jZ5&JsEFWZ},gassiratti7r
281,apunch7s@psu.edu,"bO6'+oxLku""V1`",ugulliford7s
282,xthomesson7t@histats.com,nO2\%bulImKx3,vfayter7t
283,atolerton7u@wufoo.com,rQ6&`='V|f2m!,ncroix7u
284,vsirmon7v@noaa.gov,lE4$6hmV,nrumens7v
285,spretorius7w@etsy.com,qV0/uuAmg,yissacson7w
286,nodrought7x@sphinn.com,zQ3_GKq}E'1jI,fdodsley7x
287,ekellar7y@ustream.tv,lR8*W.I0IT<,ldunbar7y
288,ndeavin7z@twitter.com,oE9)v/y/qX2,dbaccus7z
289,dmaunsell80@ox.ac.uk,qK4<p}mv,dklewi80
290,jdoers81@ibm.com,lP5=I8ZMa_%_%UnN,gcoviello81
291,aduchenne82@alexa.com,"pF7@R19v!)UxO2,i",rharbour82
292,calgate83@abc.net.au,kP4|HkkqWvH,junderwood83
293,kcatcheside84@clickbank.net,"lP9\X}{1P,pVox",jthoresbie84
294,sbunten85@fotki.com,pL9\\nFn,wcollicott85
295,ggrzegorek86@ox.ac.uk,yD4}\EUpE|lT~N,bpapaccio86
296,krudland87@reference.com,fU0_|JihP0U,bbirchett87
297,dpython88@arstechnica.com,gN5>v{1E#d`b}MB|,lloding88
298,bbellward89@gnu.org,cC4'NX3LfUJ0!,cmarde89
299,gdesborough8a@amazon.co.jp,yB2?yGwF*8&,agateshill8a
300,twiddowson8b@alibaba.com,mT8%yri'=tv$,rallebone8b
301,jmanjin8c@hc360.com,eP2{PcA',ncreasy8c
302,dcarme8d@vk.com,vO8?R~B<I@ky{,cpendrick8d
303,rmallon8e@dailymotion.com,yU1$&Uya4B,wofallon8e
304,aruusa8f@twitpic.com,"gO0{""SHj!S9fg",ashingfield8f
305,vcatonne8g@mtv.com,wB2!jMn.,gfenne8g
306,msterte8h@nytimes.com,yL1!#aTDJT!qfek,spechard8h
307,vhildred8i@archive.org,kW6<#%9DW,ilittlecote8i
308,cflegg8j@cbsnews.com,yS8_rAEu!5,shateley8j
309,cbenion8k@earthlink.net,aE3+>42@zZ@&wj,rsanzio8k
310,mdhenin8l@mediafire.com,wX0}Fs(O4XOC,cpasfield8l
311,ayaakov8m@qq.com,fU4!N`J@$yPkG,eboocock8m
312,dnuccii8n@joomla.org,"pB0,Jw/,{0O",lcutting8n
313,gworswick8o@google.com.au,fG6'F8AHg{OqK?},ksparwell8o
314,tmccloch8p@geocities.com,pI0$c~sPvjNn'1,imapplebeck8p
315,kmerrison8q@ebay.co.uk,nH5.+Za_895GJ,ncutill8q
316,itoovey8r@nifty.com,sN0.'c7`IFWMM?VL,arounds8r
317,aclarabut8s@wordpress.org,yQ7_TjS5U1z&,sdallin8s
318,hferrey8t@networksolutions.com,"kZ9*{ZJfB|hhP,Q",crudsdale8t
319,pbicksteth8u@vistaprint.com,fC7&%fv6x,iwooldridge8u
320,wgoldingay8v@diigo.com,mJ7+3AH4s8q<yPY,tdickson8v
321,pbouzek8w@fda.gov,nU1+b3x~&HUGS,colivetti8w
322,jmollene8x@hatena.ne.jp,gP3`\izv1dB,scopley8x
323,rwitt8y@photobucket.com,"kP7)JUcG&TB*J""",dgarahan8y
324,llofts8z@bravesites.com,bV6'GB#rOg'`S,ggladstone8z
325,cheugel90@loc.gov,"uX6$g(4,Nn0Jn",nmaydwell90
326,dmccaughey91@exblog.jp,gX9*}`1cB=,pbroadist91
327,rgutierrez92@macromedia.com,gC9{e+1&flaN5+(!,spawlaczyk92
328,dllewelly93@parallels.com,tR9#r|+)A,tcraney93
329,tbeldam94@furl.net,lG6(79o#i3,crighy94
330,sfarries95@disqus.com,bT4`m2%S,gterris95
331,pbonar96@thetimes.co.uk,vW1/V8Djeg})D%?P,gsidey96
332,dshales97@toplist.cz,"wD0+1kUu,H1{|",acroxley97
333,pkilbee98@vimeo.com,jX5=CHVZ0,rwykes98
334,sachrameev99@imdb.com,aR4'wcLQ#(p%s,tamoore99
335,deastby9a@goodreads.com,"iI1$X,rl",agilogly9a
336,jgreenhowe9b@irs.gov,gB1#Y=0H26,pskae9b
337,bbrasted9c@devhub.com,tA3&s~.E&E{3>,esedgwick9c
338,wible9d@squidoo.com,"dN7"",UQX",ugiovannini9d
339,mkynforth9e@weebly.com,sN5<$gYo5,epatis9e
340,afrunks9f@clickbank.net,tR7{PPHEr\U_a,kridde9f
341,dwadham9g@icq.com,zS0>9Rvm/h%},hantonsson9g
342,dredwall9h@businesswire.com,dI4*3mD>,fattwater9h
343,kcastree9i@over-blog.com,lP7+n$CDx&r~pO,tleacy9i
344,wsimmings9j@ted.com,rO3~5@%%,smcelree9j
345,mkiddle9k@npr.org,xQ6}I(@tFQi8A@oI,aquinn9k
346,mcarlozzi9l@cnbc.com,eA7`!NTZpJ5v,jrangle9l
347,fnangle9m@twitter.com,zO5)#Le2EJ,catton9m
348,pmetheringham9n@godaddy.com,"jV3`0PodvuOTP""",tmccoid9n
349,pmctavy9o@shareasale.com,"vP4(O@,vz&k|8",mzavattari9o
350,fsings9p@ucoz.ru,qC6~c$wYRc!A,fgrinstead9p
351,lgirauld9q@nhs.uk,"xS9{F~~K'W""0X*g%",lwyard9q
352,mfairhall9r@google.es,yV8/ic@i,jmaides9r
353,kledekker9s@livejournal.com,pE6+zv4cbKn.Y),rgiraths9s
354,cgobell9t@sina.com.cn,yD3)mrpq05y,eockenden9t
355,apettigree9u@ask.com,iU3+Y5?5x?,myakuntzov9u
356,dbelfelt9v@jimdo.com,aP3'cs<G~*,amusprat9v
357,vmcgawn9w@skyrock.com,aD0}b26c2!Vf,tweek9w
358,carnao9x@constantcontact.com,wR6<vVBUe(e/hV,lhuikerby9x
359,gtarpey9y@mysql.com,yS9&m0pO,dghelerdini9y
360,lwitcher9z@t.co,xU5%%`So~gWj,ckeane9z
361,dpillera0@youtube.com,"yE2/0>K,~",thinckesa0
362,clisciandroa1@wix.com,mG0.j9iiy6)Lq&pD,oiannuzzellia1
363,ddauntera2@google.com.hk,iY9~F`X8Z4rU',mcaddocka2
364,hdowlea3@soundcloud.com,aW0?ITlGY0lL5$F+,oeckelsa3
365,pdurrancea4@behance.net,eR8_df%K)kJ\r,dgullimana4
366,cmaryona5@flickr.com,mC3~sv1V}@,nboswella5
367,leddlestona6@symantec.com,zW2#U*iC0d#X85B,mlloydwilliamsa6
368,csteffansa7@baidu.com,uQ2/.N4D3\5UKk.M,nbridgewooda7
369,hlichtfotha8@tamu.edu,xT9?Zk0+(,cpattricka8
370,uokinneallya9@adobe.com,jB8~qheH?9,sfenemorea9
371,htraskaa@jugem.jp,tG5=EQeuO*kt,mmorchaa
372,skeslakeab@wordpress.org,rF1~V{h(*Cpn,vansleyab
373,lbazelyac@themeforest.net,sZ3\&oxn}*A,hstalleyac
374,ajozwikad@diigo.com,"cR1.y""tim@",rdeverockad
375,sdahmkeae@upenn.edu,zX4>vl<lBT+,istitwellae
376,arhodesaf@nyu.edu,aH0`HsM4R,ariggollaf
377,akydag@examiner.com,rA5{d1'eTQt,dmullanyag
378,kquickendenah@weather.com,tW2}A&&G*,ulippattah
379,sdevennyai@timesonline.co.uk,xV6_ch4i9iT,dwreyai
380,fizaksaj@tuttocitta.it,"kT2""FFTY53~3<",meffemyaj
381,rvileak@globo.com,kG6?<VlT97,kdunnetak
382,idugallal@irs.gov,fG1&EoIVLB<h=,ewateridgeal
383,acominoam@hubpages.com,fN7%`Xb3r,ialeshkovam
384,gmckennanan@instagram.com,"iV3""Wn2<~6V/}g",rcubittan
385,elindlao@arstechnica.com,hJ5$GJ&U/1##(H/,adenkao
386,pgradyap@pagesperso-orange.fr,hX8`h7o`ze.,hweatherheadap
387,ktallonaq@ihg.com,nS6=(k/\#q,edummiganaq
388,apreenear@163.com,"hM8&JYXovJ6ODv""",caleksicar
389,holdacreas@wunderground.com,sW7+#$uw!N$,kdinnisas
390,ajanicekat@timesonline.co.uk,"hV8&Q.z\dd""=e*+Z",ehargreaveat
391,hfoottitau@toplist.cz,nZ7<<tkz,dguddau
392,bgeertjeav@google.de,rU5|+DB\hoB!#\,lscoulerav
393,chousdenaw@tuttocitta.it,zO9{mAOBZrFdI.,tclairaw
394,grothwellax@nps.gov,nM6)&ruRR,nkattax
395,ugrealishay@lycos.com,"cK2}WYX""6AGUy",uprembleay
396,ksnibsonaz@smh.com.au,xS5#ye~}C1gJ,lgoodliffaz
397,sscrogginsb0@ifeng.com,iS8.Q~dj/\X7kwu<,jtarbetb0
398,cpirouetb1@qq.com,hE0/6wPb'PD17,dwisdomb1
399,gwoodsfordb2@narod.ru,hU5%e*=/A.,lfilipovb2
400,cstreatfeildb3@si.edu,jL2=TQp*N5xfS,rivanyutinb3
401,bvillaltab4@istockphoto.com,lA8>k!bo,kkieferb4
402,gmarchib5@nsw.gov.au,oS4%ZMiRMo>P,gverbrugghenb5
403,ehaggerstonb6@alexa.com,xL6&y9E=C0E,efinnimoreb6
404,dmuckianb7@thetimes.co.uk,aL4@/ee<(B%NzUw,gsturrb7
405,gomahonyb8@domainmarket.com,nB6+eEE52R,msebrightb8
406,rschrievesb9@va.gov,"cU0+,{c8",escurfieldb9
407,meatesba@dailymail.co.uk,qF1&cJ5ta?Z/,sbalmadierba
408,apatifieldbb@nyu.edu,"gA4"".9&hAnRp_2",eredmilebb
409,mkenfordbc@xrea.com,pW9*t|?wmY,sbunningbc
410,eentisslebd@ibm.com,kQ3$u{3K+GN},kmablestonebd
411,alusherbe@reverbnation.com,aB3$86`!Uw{1Rx,holiffbe
412,mfergussonbf@fotki.com,aP6~/)m({V,nmattockbf
413,rpetelbg@who.int,uK9=JgShq,ithomsbg
414,kpuddephattbh@symantec.com,sK7}(U6Gx#W,rhartroppbh
415,mgiovannillibi@oaic.gov.au,zM5*_J4y_d?,bburgisibi
416,meddisfordbj@cocolog-nifty.com,lD6)L<Ho0r.xSv,wshoobridgebj
417,adaltonbk@sohu.com,hP4<y)y|CMRr'',hklehynbk
418,atearebl@accuweather.com,nB9?Bz*?\7}wFHNH,smcphilipbl
419,itunnybm@usnews.com,"oY1@W,vigE>$}A|D",bohingertybm
420,dpietrowskibn@flavors.me,"mT7)P1K$g""Xojd)",lbussybn
421,geastmanbo@japanpost.jp,"gN0""<.uEkiG>n.X",smickabo
422,kpantlinbp@google.it,"qZ3$r2J}u/""",siblebp
423,pmannixbq@va.gov,aJ3}V*J\{2!Q=ad,jwarburtonbq
424,mmadisonbr@cpanel.net,vG4)eXk}>.&}s,hdavidekbr
425,rgreenrodbs@businesswire.com,"yC0!u#/kP,PrCPkF",wgrierbs
426,hupcraftbt@hexun.com,uO2@~4Ve,kserrierbt
427,cninnisbu@imgur.com,uT1>>qf0S,rblatherwickbu
428,dundybv@hp.com,nO3'(#5%Kk,cfearneybv
429,lbinfieldbw@histats.com,"oV3""uCR"")",jbettensonbw
430,makettbx@slate.com,pQ8|Q_Uy_Me,gyukhinbx
431,fpirozziby@topsy.com,"nG5\S<""t",vjudronby
432,opendellbz@jalbum.net,yT7~kALo,dbushawaybz
433,vrubinskyc0@google.com.hk,gT5~Qfp(zu,cboowc0
434,dfoanc1@prweb.com,oP3.y`$g>~9,cmulrooneyc1
435,mskocroftc2@freewebs.com,kX6>7~f{b|J,mandryszczakc2
436,jwharmbyc3@zdnet.com,lQ5}Yy4j9X9g,gputtonc3
437,rgiorgionec4@a8.net,pC9!Vh~$L,relizabethc4
438,jstopperc5@sphinn.com,nT6\f4P5TbV{t,bluckcuckc5
439,cmalamc6@digg.com,jG3/3!xusR?kv.vy,rwellbankc6
440,vedmundsc7@xinhuanet.com,jO7<aVYublLHAb_,sguidoc7
441,rdaymentc8@fda.gov,bR9@5rGb5OE0,mkarpychevc8
442,ocutbushc9@tripadvisor.com,"hD4+PJ""4g6<3J0",wraddonc9
443,scorradeschica@miibeian.gov.cn,dC0~tWmjrlU,kkennewellca
444,nperonecb@nba.com,lT8#x0/9\0j.J,mcathelcb
445,hburrellcc@tumblr.com,hZ3|mA?gg,meberdtcc
446,gtixallcd@jiathis.com,kM2~<{s)T@/~pvT,rtoffolettocd
447,acovetce@jalbum.net,iN0!zCXrZV,jciricce
448,areinercf@unblog.fr,oX2$YDvTE=`flh#q,droyalcf
449,ikainzcg@mlb.com,"lO0~|hOOnM,j",dellinorcg
450,mbuckiech@hubpages.com,lG0=lwpw(PL9,rsemeradch
451,acuppleditchci@ca.gov,hX5~~98+ds,babadci
452,cbarenscj@ocn.ne.jp,wY6%9s~Xyp_2,ecritzencj
453,droomck@woothemes.com,uH7}d3K$X?AG/%v,atipensck
454,mkilduffcl@dailymail.co.uk,yY4#<{S&+08|(v,ctrindercl
455,moscanlancm@phoca.cz,"cZ3+=""m.L)t\K&(",deveralcm
456,cfinnimorecn@wired.com,fJ2/g9xd_iP4GK_T,ilaperecn
457,brainerco@over-blog.com,"hF8`r7"".<",jsomerscalesco
458,mwaitingcp@studiopress.com,jE1&TQ3ad5pa,klanegrancp
459,nunsworthcq@typepad.com,"jR8""pL#%h>'DpG_d",sdickycq
460,anationcr@ovh.net,wA2+Vf(u*5Its%c,abampkincr
461,mscaycs@scribd.com,gY4{zmJZkn}Fx,acalladinecs
462,kadolfsonct@amazon.co.uk,fZ0>=sr\7dZ,beakinct
463,ddanhelcu@latimes.com,fL2})ci!r,wconechiecu
464,sgopsellcv@weibo.com,uT7`oPh7q=wr,djennickcv
465,gstockdalecw@constantcontact.com,qP6?_Wr6zv,hcootscw
466,tjillingscx@example.com,hM4*_sPH5{5`H*,zchestertoncx
467,afolgercy@php.net,vH5(Si@RX,hduckerincy
468,dmaffeicz@moonfruit.com,vN6)\*h70,dlanchestercz
469,hnevetd0@alibaba.com,dQ4!gf#?,jbladderd0
470,aaslingd1@google.fr,vM1~W}VWaNyT+n,lclemenzod1
471,gungerd2@businessweek.com,vV9&.Aew!dmrG,dbeehod2
472,dpiffordd3@ucoz.ru,"aT3*,.'eeSSgRNI2",kfigured3
473,rellerd4@symantec.com,bE4<ihd1whpj,afouxd4
474,sscawtond5@joomla.org,aZ6*!4#XGXM,etrowled5
475,aoldcoted6@cargocollective.com,"gY3,ia83+~3B>p",aspowartd6
476,bsummersond7@mtv.com,"lS7&""7}wVn"",fHVZ",gredbornd7
477,iabdond8@cyberchimps.com,uC4='AiQB+6j,gmincherd8
478,efurphyd9@yandex.ru,uF7$)Z8YJ49uM_,dwhodcoatd9
479,hdowzellda@mail.ru,zJ2%X@tR,edunstoneda
480,rdewerdb@wisc.edu,aM8@KN5+,xwickendondb
481,jperrindc@infoseek.co.jp,lU4>l3`*Rc'A>,awrighthamdc
482,sfoxondd@ftc.gov,dR2<S<n{.n,kholsteindd
483,thicksde@liveinternet.ru,rH6&7Zs3G<J=fr,fpookde
484,fnoonandf@indiegogo.com,pI7\c_@D,gmclainedf
485,hstrowandg@istockphoto.com,wN3${Zj{aEmZ,lnieseldg
486,kgalliedh@yahoo.com,sU9/YSL?x{Bs84,dolneydh
487,sginndi@a8.net,zT4\g~3t_bfBS9},jbiddwelldi
488,rbrammardj@biblegateway.com,"hP9,R'7,jjCC`&",bwyettdj
489,vnorthamdk@squidoo.com,kA6*IS/<pS,ksmuthdk
490,bpetofidl@cbslocal.com,oG8%+AFL7rrm~fTM,ldemezadl
491,rcoronasdm@mac.com,xR9=sYu*A8q34OrO,amullorddm
492,nrowlydn@hugedomains.com,fE5/{qNoZ=t&8f,sblackadderdn
493,vlindegarddo@forbes.com,yG7><JgKhnJ$sH!g,opregeldo
494,hbothadp@tuttocitta.it,eT6|o5aKt)|B{,lmannevilledp
495,cedsalldq@forbes.com,sA1?I>ee*q,smcculloughdq
496,jgolborndr@smh.com.au,bP4'LLTJ,aslocombedr
497,ccrainds@clickbank.net,mA4\=g8I'aA_R,blethemds
498,gcrummaydt@devhub.com,fI8'z_Hu|)aOjOc,tlettsondt
499,pfeatherstondu@bravesites.com,"jC0""xeO%t}@#",tairthdu
500,dblackbroughdv@mtv.com,oG6}<Crz,jballaydv
501,hgoraccidw@youku.com,xF4{<UI+oC8e{,tgabaladw
502,ahowsondx@columbia.edu,uY2&pyv#,eleerdx
503,rklossmanndy@jugem.jp,"vW1')a,t",jgoulbourndy
504,djirasekdz@biglobe.ne.jp,uS8`WA>>Pj'=,mmccaghandz
505,rdudsone0@multiply.com,jL8$SWcCu$w,cpullane0
506,fkornalike1@cdc.gov,iC5!ly>b&9(IA,aeckerte1
507,dmcginne2@upenn.edu,"yU6+N',+~",lvaliante2
508,chordlee3@twitpic.com,kP0~|*S9mBbPb,ejorissene3
509,diorie4@nbcnews.com,"bL4%H""co'",ekilmurraye4
510,cchilderleye5@cocolog-nifty.com,"qY2,@b*C82wv",jvinnicombee5
511,escahille6@who.int,"dO2>SL""HC",lblacklye6
512,ehorleye7@mtv.com,"nC1<zWg,n",ebengtsene7
513,ddobesone8@wordpress.com,iJ8<5%>P!qxAm+,hizkovitze8
514,dcloye9@posterous.com,dI8*Wm!yCBRWEpy,amagarrelle9
515,hbrookesea@typepad.com,cN2)bH8\iK,pwasielewiczea
516,chealdeb@wikia.com,iB2*T5tIE{U!a4a|,ystraingeeb
517,squaintanceec@hugedomains.com,qW5=gf\%a|Qum,oheinzelec
518,wapperleyed@jimdo.com,"pJ4`IK,B,kvp\18",scardilloed
519,askogginsee@wikimedia.org,lO7}9I/Fv|5Ajy,steodoriee
520,dlempkeef@php.net,hM8.'sCs\P,tandrissef
521,thassewelleg@woothemes.com,pZ9(GaIf,rbrownsteineg
522,hwitterickeh@adobe.com,uL9`5M>_,ucorradeschieh
523,ghasnneyei@stanford.edu,oN8#}F27+_TUD4j7,hmulvyei
524,dorrumej@salon.com,cX5\?&bc9=bz$y,chargroveej
525,btraynorek@51.la,lL4%d.w*|EL(,cwylamek
526,otateel@slideshare.net,"hO4'\uGa.|q_E,",rcramptonel
527,semblemem@paginegialle.it,"aG4,J7xfz#p",hbarenskyem
528,glivzeyen@economist.com,jV3(~VX?},tsimonettoen
529,glingfooteo@apache.org,mD6$iG$'GpAf,cmackroeo
530,pblackmoorep@ocn.ne.jp,"cK0@X\(,Y@",csteeleep
531,nolenineq@scribd.com,wT0+du6U%JRSb<,alavendereq
532,mgottharder@springer.com,uL7.~D{9x1p,amegarreller
533,pkeeltaghes@patch.com,zA6*LxHo',dkeatches
534,egerleret@oaic.gov.au,fO2?NAl76*zK>,ajeandetet
535,bkohtereu@nih.gov,vD1$ru$F,hscarceeu
536,mdeekev@europa.eu,"yS6'n,P%kQYxnR",asneydev
537,mjimenezew@yellowbook.com,iG9\fW!94W+,uhusbandsew
538,broycroftex@webnode.com,oX8(SY*AVWz,rhoyesex
539,fcotterey@bloomberg.com,yS6.=?@t9\P|E,cchildesey
540,sbonarez@mapquest.com,wY9$#R*}Y3r*KC,cburleyez
541,ngissingf0@mlb.com,jM9/x)@8vV><)#,mclancyf0
542,gsaltmarshf1@cbslocal.com,nQ3+2Sdkp,lyeldingf1
543,epamplingf2@github.io,tL7\L(R+ao>t,lsenterf2
544,slampingf3@nymag.com,bT3$3S?1#Mo.c*,cailmerf3
545,emacfaddenf4@indiatimes.com,gR5_#$Wc,msmithsf4
546,rsouterf5@newsvine.com,mW7*++Y)+Rl'$N|h,amanwaringf5
547,kpelerinf6@moonfruit.com,oW5@XMp@5R},kcrowcroftf6
548,jgandarf7@blogtalkradio.com,sA7$h3@jwvEmb9~,tledekerf7
549,alorensf8@slideshare.net,zJ3&dH}nUg(hjR,gellertonf8
550,cperhamf9@umich.edu,dJ1+e.=sg9A),gyakovf9
551,anathanfa@w3.org,jU4~q?/sQ9P)Sv,agowlandfa
552,rlissendenfb@guardian.co.uk,mV6!20vjqN2/y,chammersleyfb
553,kgladyerfc@cisco.com,mM9@0JgbQOSK,areadmirefc
554,jdansonfd@yahoo.com,uO7'j$Orb<c)%&,aswirefd
555,tpeacockefe@edublogs.org,lQ3<VP~|X/d,edibernardofe
556,sgeorgeff@arizona.edu,eK8_BuIj5`m,lmccrorieff
557,llinseyfg@mac.com,xB6%Kj)@({XxE,cmonellifg
558,cflukesfh@1und1.de,fV3\%m7Fu*,sfealtyfh
559,rkiddyefi@friendfeed.com,yD6/{Sdv,mgirtonfi
560,bspightfj@adobe.com,"kS8""MEnI_!y",clethburyfj
561,bockwellfk@geocities.com,fL3%i+_zOfs,sdefrancescofk
562,tmillwallfl@nbcnews.com,qC7#CXe&v,bdaniaudfl
563,nrattfm@fc2.com,dT3'T!=MoHZw&EZK,kzambonfm
564,wdybellfn@yahoo.co.jp,pN4)AwGJ(22,gdelcastelfn
565,slibrerosfo@fda.gov,"xD4,nTt*",cdickensfo
566,abennikefp@omniture.com,zO8@bb'e,ltwelftreefp
567,tcarrollfq@indiatimes.com,yB1`Ws+F,ihaingefq
568,sdixonfr@wikispaces.com,xG4!ZEC8,zmccreathfr
569,wwillerstonefs@goo.ne.jp,uG2~*hTu,bgeorgeaufs
570,mdavidovitchft@ibm.com,kY5+RQX/9,vwillshireft
571,fspiveyfu@oakley.com,cG3@q<jTW7On,jmcpolinfu
572,zspensfv@oakley.com,lY1_L/'l)hh',esproulfv
573,jdollfw@salon.com,uT6$))ZA$Bj4#,dboolefw
574,vkraftfx@illinois.edu,"xC8,)1vQA8",jboothmanfx
575,mgarmeyfy@cnn.com,wP5_KTdT>xU7_b,rphilippartfy
576,amerwedefz@spotify.com,"jN1=@W1oq`iqN,EE",eharpfz
577,ntigwellg0@godaddy.com,aE5(j*t>~Noa,rbrounfieldg0
578,dgeevesg1@mac.com,uG1)?c'{&np%%\m.,galexisg1
579,tabrashkovg2@comsenz.com,qJ2's%BnOhHW,cdiddamsg2
580,cinchleyg3@t.co,uB5=YpUS%OYn,tkoppelmanng3
581,tcalwayg4@geocities.jp,aD2*P_RJ*.SS,mkitcatg4
582,zgronog5@statcounter.com,"jP4""?J&`?~a",bhookesg5
583,bgullyesg6@chicagotribune.com,sP7`zy!kGyy/&+tJ,cbiggsg6
584,vbordessag7@netscape.com,cS6$6Hh>C<ZD<,aweichg7
585,spenniellg8@seesaa.net,oG2@GLI0BZ*,ccopsong8
586,jaglioneg9@japanpost.jp,mL4\&>IwanX,smarlandg9
587,dcasbournega@smh.com.au,kG9'3Gjfp,elehrmannga
588,cchealegb@chronoengine.com,"pX7=`,nw'0%",nmaddersgb
589,rfarriargc@cbc.ca,nF2*XgkC2V*g0,lblakemangc
590,epoletgd@mozilla.com,"eY2~L%4w""8i2",mhubbucksgd
591,khulksge@odnoklassniki.ru,bT9<qGc#,plaleveege
592,mshilitongf@yelp.com,"cG8(""Kt~`qK)<",graymengf
593,fmaldengg@yelp.com,qY8!T*qE@+.~#r,rdibiagigg
594,auttongh@kickstarter.com,iT8~NHM_m$=y\19,arasellesgh
595,lhearseygi@fema.gov,"mX2*p""d%GR{9e~9",ytytgi
596,bbyegj@sina.com.cn,zV2=nCGnRP,kloitertongj
597,ecostigk@discuz.net,bY9.)Rcs&+9,lsherynegk
598,pjendruschgl@studiopress.com,pO0#keluqQ=,jmackeeggl
599,ebyrthgm@webnode.com,tS4>F!&80,tmerrettgm
600,kgrishakingn@rambler.ru,bU0)<'12j,gbolstridgegn
601,eglasspoolego@ted.com,iJ4|a((F7,ishemminggo
602,cjozefiakgp@creativecommons.org,fW9.I#'E}V~NjS,cmilellagp
603,pschubartgq@forbes.com,jA3\8\{IT7),lreddlegq
604,ldocketgr@usda.gov,wD8{U<s45\a209#,cwalnegr
605,jbelderfieldgs@behance.net,dM8=ula)&Zj>CS8{,acasalegs
606,dlicasgt@yelp.com,"zW1_!1~n,9i>",aharbertgt
607,mdudleygu@histats.com,yK5`Mg41I,fduplaingu
608,mburwellgv@furl.net,"jR2,WwUV",modoogangv
609,bbarradellgw@fda.gov,nE1@~t3=E=Z#8,mruppeligw
610,egeartygx@github.com,mA1'n+xe{SH~,hlucagx
611,qnunngy@google.ca,rB0\$sg.E$#)_f,cnorhenygy
612,afawdrygz@goo.gl,hR3{gH06iuIe,laytogz
613,gahrenh0@engadget.com,"dU4!9Fx+Z<GG,{4",aconenh0
614,cbaynsh1@hhs.gov,iJ5<|anpdIgy.,awillcocksh1
615,tduftyh2@hubpages.com,lI0$N1I#4`U,gnijssenh2
616,fbirchenoughh3@dedecms.com,gY3+JN\pK<ew+VAX,ncarloneh3
617,shandasideh4@paypal.com,mZ4'u\Dn+zE/28&e,ospriginh4
618,anollih5@livejournal.com,zS3!1=)s+Cr<fy{,gseideh5
619,bharriganh6@tumblr.com,gQ3_2r~3,sdockreayh6
620,scorbenh7@alexa.com,zF5%AeG\,hkrugmannh7
621,egilesh8@cloudflare.com,yR9#$nng0$raWWx,sreicherth8
622,kferrieh9@bloglines.com,mP8$0}2bjS,khugganh9
623,tshinnha@ask.com,tK5\~/zk|w?`&T,ssurfleetha
624,cbrockethb@twitpic.com,oF8!CbXt$JyU,acalleyhb
625,gprandihc@cmu.edu,tA4'V1d(}ibY,lmolenhc
626,ldilworthhd@storify.com,yG1!H\')$`'%F&,cbreakwellhd
627,kkilrowhe@blogger.com,aZ6(v\`_,mcattermolehe
628,vmillardhf@360.cn,"aL2,G<w&gc0~mt",fmournianhf
629,achalkehg@rakuten.co.jp,"oJ8'v,xR`+NA#R,",jstilinghg
630,mgarrettsonhh@flickr.com,iA4_Ls'g9r/r9Zb9,gwickendonhh
631,gebbenhi@tmall.com,aM3*09T3%>\UrBLX,ccharpinhi
632,ljeveshj@wired.com,pF3\g1*W>5?)RJ,fwombwellhj
633,jmacsharryhk@dmoz.org,jL1%3y6OKLW!/kL,vhunsworthhk
634,cmephamhl@123-reg.co.uk,pO6%|U?JuN,mvollamhl
635,fkydhm@hibu.com,tZ5(xYUP<fG,ofidelerhm
636,asenetthn@photobucket.com,iH1/\l)dx,cmarconehn
637,mschirakho@typepad.com,aL6}tDJ_u!,adillistoneho
638,skingsleyhp@ehow.com,tY5=\cEuKV7`D%W},dduchesnehp
639,calecockhq@virginia.edu,uI2<qbo.)j~',vdimockhq
640,vsergisonhr@miibeian.gov.cn,wK4.fKG+,asatyfordhr
641,bivanhs@furl.net,"qX2{Q7,NCK{LW|,",rminchindonhs
642,smacgaughieht@liveinternet.ru,wI6.$wvOQ~i,bgilvaryht
643,aconcannonhu@usa.gov,"bV7#d3=""_",tmoretonhu
644,jcramphornhv@jalbum.net,"bC2#~\nL7Ey,UK(",vmatisoffhv
645,kreeveshw@twitpic.com,aJ9}tqxcTpVV,dshowellhw
646,mbednellhx@acquirethisname.com,cW8<@qr1P1|1m=,ctrussmanhx
647,medghinnhy@mapy.cz,"iT9&\O9Jeci#?,+",wdenizethy
648,erafterhz@wikispaces.com,dI3.5O~BCMnK.,gmcinneshz
649,mkelselli0@businesswire.com,kL3!our46Rx4~{yR,kalani0
650,mlyptradei1@msu.edu,yN6>UIGO,ioldreyi1
651,craei2@prweb.com,wR5!s_*EwoM@,esorenseni2
652,bstroobandi3@wisc.edu,mU8*7pwn&M~pWQQw,dlissandrei3
653,ofarrandi4@oaic.gov.au,aT0*9R+\5,nchinai4
654,mkinleysidei5@japanpost.jp,"bC2""I%UW",rcarmei5
655,nackersi6@china.com.cn,hL8$T5j2=,mleversoni6
656,hwandreyi7@xing.com,cC7|M|mN*0K,kpendelli7
657,dpiggfordi8@domainmarket.com,"pD2=$gpf,u*Y`",lstquentini8
658,lgladmani9@yahoo.com,iQ6>U5~=,btomczynskii9
659,ktemplaria@w3.org,vP0.LEh)@,bprydieia
660,aflelloib@imdb.com,tX7>w|Zvxp,mhackettib
661,ntwiningic@nps.gov,wL3*flu(,mpallasic
662,ceskrickid@rakuten.co.jp,"kN9}Vd,99}d",kcowanid
663,epressleeie@meetup.com,"jO6~oJS,,",msamsie
664,ebastoneif@zimbio.com,dN5/6+ow,jjanczakif
665,bruitig@ovh.net,"jX4""aw6z",gwillimotig
666,dorwinih@alibaba.com,cZ3)0#@>xg9n,aritsonih
667,kgirschii@webnode.com,"wU3,Z/N<v(roI#",myeaii
668,vaimeij@mtv.com,gN0&0*GQs%ZT,fiacobacciij
669,rbodhamik@amazon.de,pP0}28'j'C,qetterik
670,mbrandenburgil@indiatimes.com,uZ9*@D/r,jrzehorzil
671,cwhiteselim@blogs.com,jN1_7EfF,tdorricottim
672,stinwellin@ustream.tv,iM8@6.##z,hblowfeldein
673,rworhamio@bluehost.com,aD8}*.I7yBeh/,astanlakeio
674,gkirkhouseip@webmd.com,fL7%BoT?y#8RS21,qloadsip
675,rbaxstairiq@nationalgeographic.com,pG6%9y#afqw}X0e,tovitziq
676,nmarchenkoir@icq.com,jT9`TZZ(N|H,ysindersonir
677,egrebertis@networksolutions.com,eN7+mKPuc?i|\#U>,rtrevithickis
678,sbeedhamit@usa.gov,kU5{Ay<ko,jfloatit
679,kbokeniu@eepurl.com,"pW7""M@J4v",bcamoisiu
680,dredingiv@symantec.com,"aE0%5`V"",qztz",dbaxstareiv
681,arochiw@smh.com.au,jX5>F!d++n'~uZOU,etrazziiw
682,kfossordix@studiopress.com,xZ7!NU\aGYca2,gmckerrowix
683,lallsobrookiy@washingtonpost.com,jX5/m7~CVSc$GUk,cthackeiy
684,ggoodlipiz@google.co.uk,nA7}5zDay,lsattefordiz
685,kforshawj0@ifeng.com,kY8#Xdh'`j@BWo,eswateridgej0
686,abartloszj1@baidu.com,"eY6$It_""bK",hsyversenj1
687,ttregienj2@home.pl,"lE2,yv=m*}k",kwagonj2
688,vjealousj3@discuz.net,"nX4.)$<FS2\Ut,",bfukej3
689,abrosekej4@theglobeandmail.com,dO1}(X*kN|9,saitonj4
690,crotchellj5@who.int,eB2#4#m6UP,mstanlikej5
691,rloakesj6@va.gov,"xO4""x>>LM6",smarchellij6
692,ishirlandj7@mysql.com,"lP2.u(2eQuIg,KL",bhenrij7
693,pbromehedj8@va.gov,nG9=2tIQ2,ebradfordj8
694,sbartolozzij9@tmall.com,vD4_.XqD,wrichtj9
695,mbartoszinskija@loc.gov,cE6~UF2b,civicja
696,dheitonjb@netvibes.com,kI9)$'SQ|2jrWYi,nsenecauxjb
697,wnosworthyjc@github.com,eN9=+9>qhoA+7{t',rreillyjc
698,golahyjd@twitpic.com,tJ3'$F9N#{l&D8,hmallochjd
699,echaudretje@desdev.cn,hW9}JGSbc`zM*99B,mschlagje
700,cmccriejf@sfgate.com,hL0#Udj{R,ofeaseyjf
701,tteggartjg@macromedia.com,iU9`pd\tWpE,iivashnikovjg
702,cedmeadesjh@cloudflare.com,"vW7""UndV0x0#y}B",jriglarjh
703,nloreitji@pagesperso-orange.fr,iI4}*#GpMHi.>t,tkonkeji
704,mtranjj@macromedia.com,sW9>tEX_,wsmithymanjj
705,mleysjk@youtu.be,gE4%cWiGQu,jtrundlejk
706,apennyjl@blogger.com,vA4+.ACJ}B&,rgerrelljl
707,hsaffilljm@cargocollective.com,aH2'053c$,mhullesjm
708,ddadswelljn@hhs.gov,"zS5+!{JfyIbl',+F",ifetterplacejn
709,jcalderonellojo@discuz.net,rL3~6Bec`Qs7.,dhansedjo
710,candreixjp@nature.com,bF4<CV<gF,gmahodyjp
711,mspinagejq@irs.gov,"kM6`6czs,E5",cstoutjq
712,cmeasjr@webs.com,mJ5+c=/6/HMO*H?1,rveltmannjr
713,jphippenjs@ftc.gov,fY2=gH{jYQJ|@,lrollerjs
714,ahinckesjt@sogou.com,yA8.`chE,bmerfinjt
715,vlorrimanju@google.ru,zT3%3bh@9|,plyverju
716,mtibbjv@usda.gov,"xH0""3&.!",syanovjv
717,twoodburnjw@bbb.org,bP0%_$82~,cboxhilljw
718,wbealjx@msn.com,hR2<fLny>h\,jfittjx
719,bdendonjy@yolasite.com,sP7|<L0J{8nAEu},jespasajy
720,cscudderjz@goodreads.com,iB1.D!nI}vhrR(px,jrigatejz
721,sfurbyk0@flickr.com,pQ0<6.8Sq69|CK,gsaxbyk0
722,edykak1@aboutads.info,xT1.q<`Oaj,chechlink1
723,fspuffardk2@shinystat.com,jI2'GT&`)BA|\/,tolomank2
724,iludyek3@amazon.co.uk,bU0.w(k7|DR,cpuddingk3
725,gskeink4@technorati.com,uE8%@@|4poI,kflaxmank4
726,alabatiek5@home.pl,"yS7?/""5,knlk*~I3",badkinsk5
727,pyousefk6@xing.com,"aV2&F`y,8",sbrasnerk6
728,abirdwistlek7@mashable.com,oB7=PL0~F,egiuronk7
729,nridelk8@nymag.com,aO5)f#N\t,afairek8
730,kflewettk9@virginia.edu,"vI1""1$Z7,\Y0&",btrevesk9
731,dbrilonka@mit.edu,iG3#v2X1kPy\g,iregiska
732,lpurcellkb@examiner.com,"hA4+A6""7r",orodrigkb
733,cdunsfordkc@washington.edu,pV7*&R|o,bverringkc
734,dishakikd@theglobeandmail.com,fV6*&<cboO.q+lM,theffykd
735,ewhybrayke@google.ca,rR6`(Pl=FT,gdodgshonke
736,mlannonkf@mapy.cz,rR1&<5k/}qD?!kZ,ctynewellkf
737,krewcassellkg@marriott.com,gQ4>wlO+tG/gcr,dwitteringkg
738,gjansenskh@guardian.co.uk,qL4_@HWj\#Q,dmcbainkh
739,npaliserki@topsy.com,qA6\ldTJ,cdugganki
740,rhofkj@goo.gl,fI1=3oW?31\qU,cgullbergkj
741,bsmallcombkk@about.me,"aE5)uU#,BfAtL?5",asweetenkk
742,tousleykl@nyu.edu,"iT5'6{T""y",mwildmankl
743,aduckerinkm@sina.com.cn,yM0(0_@+WEjQcmI,snannonikm
744,whabdenkn@people.com.cn,xX5}1iqHTJB#sB`,bmardollkn
745,tligertonko@list-manage.com,rU9.IyK7,atorettako
746,aderkskp@java.com,cP4|7HRVv,sleyntonkp
747,bolekkq@miibeian.gov.cn,lU7=mTPf9,mgilleykq
748,dvaninikr@army.mil,"hF6=&T>Yzt~=/""2",mrebankskr
749,mdurninks@wikipedia.org,uS8@aIzE'R`r=9,bdurtnelks
750,gbescobykt@skype.com,rU2!2(zv,ggeorgekt
751,thardestyku@360.cn,lQ6\)F!xpr&,hduerdenku
752,ggodsalkv@scribd.com,sL2%jZ6*q59QK2Kk,fwoolleykv
753,dpooltonkw@un.org,mU4_UN0h@YfpBqO,hmccutheonkw
754,aiacobonikx@umich.edu,fW0+w}wVEVJ7Ul,dlomaxkx
755,glauranceky@jiathis.com,tY4@%Y\*<\v*q>Oa,wafieldky
756,cradleighkz@toplist.cz,qD0`gqt4nsw4,czelleykz
757,vmcquillinl0@symantec.com,jU8&k9}B'&)Uze,srodgierl0
758,dwestripl1@washington.edu,zQ8=z7TFYiSOo4,sionsl1
759,sgrundl2@ucoz.ru,zZ4<Q#&jpJ,cphilipetl2
760,nivanchovl3@dailymail.co.uk,"fQ5=RXQKG)H.1r,",bparchmentl3
761,ewederelll4@google.ca,oS8+(G?wREZO_g,kgerlerl4
762,sharkerl5@google.ca,qI5(|ynR.K$,nbrokel5
763,acrocel6@ihg.com,aE2$rZL'!&,ufarmerl6
764,lharrhyl7@posterous.com,"rD5""qsm*lR/",sclissettl7
765,elefriecl8@addthis.com,dE3#)CEnDJ=Q05#,hcrasswelll8
766,estidstonl9@t-online.de,rH5.}\<MUotP,ctideyl9
767,cpanksla@liveinternet.ru,hY7`n*U4UK,icraydenla
768,jnegrilb@dion.ne.jp,dG8(kbpi$!\#,wdingleylb
769,mwilderspoonlc@bloglines.com,yG6+M5ybq\v*Xngd,dpetworthlc
770,jbagworthld@google.co.jp,"oU4?mN""*p\Uc0",chucld
771,gtarpeyle@eepurl.com,oF8{~/6O$9.k~v!,imennearle
772,dnuschkelf@acquirethisname.com,rG2#w8Wj',jmcramseylf
773,nmapplethorpelg@ning.com,mX4$o_pI)FH,amonklg
774,gleteurtrelh@amazonaws.com,wS3{AEzAMs{,groganlh
775,mdawli@foxnews.com,wM8?/ixX$u?\,ehelliwellli
776,creedmanlj@ebay.co.uk,iP8}}P7wh\VEH,wdrabblelj
777,sdevinelk@msu.edu,eQ5%bGITpo1S,habbielk
778,fmcgillacoellll@live.com,bA5=X2(*3+L/!aG,keggerll
779,fdarnboroughlm@google.cn,tP0}/FtU0a@k_E_,sgowrichlm
780,mpeaddieln@cnet.com,nC9!cFiX,mpockln
781,fmcwhinlo@marketwatch.com,lT8%>J>E'q$>DRw&,jcholtonlo
782,pgotclifflp@google.com.br,tF9=PLQ*F,bredmirelp
783,fcawkwelllq@jalbum.net,iL0\2sA?Er1T8/,gmclaughlinlq
784,bhymaslr@google.cn,pL3{_!oKUCyr#Hu,rfrancesconilr
785,btitheridgels@dedecms.com,"vZ9""Xg.tJhX",zsimoncellils
786,cbramleylt@theatlantic.com,uO5)mg0Sw,gkoopmanlt
787,sferrottilu@sina.com.cn,uZ1|7@A8,mkeerllu
788,jlidierthlv@mac.com,hI1#3($=,dgiggielv
789,yjollyelw@forbes.com,jM2{VB&WcO1?,esigfridlw
790,mkiossellx@ucoz.com,vD8@Rq3s,fowenslx
791,bklichly@technorati.com,wW5?tr9i3nJaZ/R,kmacklinly
792,sarnotlz@cbc.ca,aO8{WU%},gticklelz
793,ffotherbym0@freewebs.com,aV4%61V(#E9,cbannesterm0
794,rvarianm1@reference.com,qW2@IhPMKo9K!J>#,lgressm1
795,teasterbrookm2@ucoz.com,"dN8=I`G""9~)D?\w",nburnistonm2
796,pbotlerm3@360.cn,mR7@r6%J\y0k@Lx,jpoynterm3
797,gpedlarm4@163.com,vG4!?=62fe<$dxML,imcanultym4
798,bironm5@cbc.ca,kE9%9v6PstQOZETK,mpattinsonm5
799,btottonm6@google.co.jp,wF5_815>\e`,kbrewerm6
800,amcgiffinm7@lulu.com,tE1%?R>vx,cgoodnowm7
801,hwhorallm8@addtoany.com,"fJ3<Ipj40tWF,*!q",cfarrearsm8
802,beadm9@newsvine.com,"pV4~@>""*p",bdilgarnom9
803,bdoornbosma@va.gov,zE8(T#F(s=Zg!5'j,bkunma
804,fpolhillmb@mozilla.org,kD4$2ZUpNuKz+x,vscarrmb
805,jeustesmc@webnode.com,"pV9,{_FH",psharpmc
806,mbrounckermd@sakura.ne.jp,hJ7=ihTC(mra,mmackilroemd
807,mgyorgyme@icio.us,lF4#>HSx2vLTs,phubbuckeme
808,btregidomf@artisteer.com,tR8$L2z`a,cschottmf
809,iszwarcmg@guardian.co.uk,oU8~xqK.U}J,dwarlandmg
810,cautriemh@ask.com,iS9*!u{v,fnapoleonmh
811,bberesfordmi@youtu.be,uT5?A4Qv_}iS|Z!x,jramemi
812,jdeesonmj@stumbleupon.com,"rB4$H6""Y",clittledykemj
813,apavlukmk@tripod.com,jK6|lxo)#+D3jrS,sdesimonimk
814,hdjekovicml@soup.io,dY4~mYVJn<3BQ!|,slongbothomml
815,jcolegatemm@netlog.com,eU1}>c`GDwcMZ03e,sgrzegorekmm
816,dblankomn@illinois.edu,iO4)JMg2qyR,scovelymn
817,amcquodemo@sakura.ne.jp,wQ5#`e{QZ9$&{\,npoonmo
818,mhoogendorpmp@lycos.com,hA8{&JB>u,pmegaineymp
819,jloughranmq@google.ru,sV2>8@YB,hbadseymq
820,pjohnssonmr@mashable.com,oX5\vzIYR0{,abrahamsmr
821,cosesnanems@stumbleupon.com,jN5+/Ro)y_,bmorchms
822,bpotemt@abc.net.au,eD6#00C5j,marmisteadmt
823,chartzogsmu@sciencedaily.com,"cR7""Vk1=0{,UJf",tcloggmu
824,twoakesmv@howstuffworks.com,vR9#?axV|#7,maindriumv
825,mfalkusmw@blogger.com,qN1#qdxlQcmYw,ojunesmw
826,abirdallmx@seattletimes.com,sL7>/?y8w'f3ZYB,mfranekmx
827,edalstonmy@mapquest.com,vE9`|/R_qiCjx|,bchaineymy
828,jspeckmz@lulu.com,zN4?9VN+,kgunnymz
829,htregennan0@hc360.com,zD7!NzK>R7@(,aroffn0
830,kflintoftn1@delicious.com,gN2{rQrq(cf9m',ctonkinsonn1
831,qkeastn2@unicef.org,jE7>pxVO.,qthrelfalln2
832,trawlinsn3@discovery.com,mJ6&r0'0q7ze+&*N,sgwatkinsn3
833,tsirmann4@miibeian.gov.cn,"eT9+3f""/",dheugeln4
834,nthackerayn5@istockphoto.com,"rN1'q=,t|A2`aOI",rpurchalln5
835,ybellefantn6@scientificamerican.com,"hA3_`U.,Bhe}p0%y",mrodern6
836,jmontacuten7@cisco.com,sD1_Zu&Q,cbrignalln7
837,cschubbertn8@youtube.com,bG2*5u06Yl+@Od,igolleyn8
838,njerochn9@paginegialle.it,lW5*~LA$Sx'_$p0s,pwhybrown9
839,lleavoldna@hibu.com,eP4{Fy(\RS$sq)0,lnelliesna
840,abrandhamnb@accuweather.com,nG2{Qfn5OL6MQ,adelislenb
841,rendenc@oakley.com,"pC0,u@AkHUHT!I",btheodorisnc
842,kdoddrellnd@photobucket.com,iR8>etHI@+>~,bpawlickind
843,akwietakne@biblegateway.com,sD2!$?DuF_`Ku,kissardne
844,swoodlandsnf@mapquest.com,"fT8""(#G(\m4W5",rlammertnf
845,jstanifordng@europa.eu,nB9|Y#Riw{?PB5,bbernardng
846,gloynh@ucoz.com,kN8_jn9T%AZ=,eromaintnh
847,mliccardoni@usnews.com,hE0*\M`JY\S\,aratteryni
848,cwebburnnj@angelfire.com,"bY2|JLdA,rN`8Od",gtrewhittnj
849,dmichielnk@usnews.com,"qL3""8m?sk{*!",fwyattnk
850,nmildmottnl@slideshare.net,sS9@$<#xl,mmatfieldnl
851,fjakoubecnm@patch.com,nU0(IT%p8W,chindrichnm
852,ealejandrenn@163.com,"yI3+ASgj""DN",ajosephnn
853,edumbeltonno@biglobe.ne.jp,bX2@oC#b,lgoodanewno
854,wsparhamnp@tumblr.com,oJ4|&imvkaH_q_S4,bbristoenp
855,fyoudellnq@deliciousdays.com,aX5/a3$j(,bdacresnq
856,aledgisternr@prlog.org,wA5$Ttc%$.fLr<=4,adavionnr
857,kwisniowskins@joomla.org,"sZ5<&voS""AWo1l",jsurmanns
858,rdevignent@cnbc.com,hB0'1)F5r?uE%r,ahamonnt
859,oleclercqnu@techcrunch.com,eT7.QDS~qkoUSA,mlabonenu
860,ncrockattnv@seesaa.net,bQ0\XSs!m{k=,llethamnv
861,ctatfordnw@youku.com,"oX4)d!Y*P{Kr""X",ceastnw
862,sbellasnx@arstechnica.com,gH0%r~*svSjPx,bthoraldnx
863,tdimitrescony@salon.com,yZ1\3+4dN(.h!)#,mlodevickny
864,bchaplinnz@bigcartel.com,"tT6,@sPb{",llivingstonenz
865,cogdeno0@army.mil,eT9*5Bpbs#NY*PqT,ajancao0
866,abatesono1@posterous.com,"aV5,f9*PvM`k.4#3",nmatyushkino1
867,lgiamoo2@home.pl,cV5(uZ&UVj%'3Xj9,mjayeso2
868,jsarneyo3@blog.com,nM9>JqRn=}9q`9,bkopjeo3
869,ncostaino4@cyberchimps.com,aI4*?zk&~,bskarro4
870,iwillwoodo5@cafepress.com,mO7>qVs/,pnormanvillo5
871,jgiovannettio6@jiathis.com,hW3_Tj{c6R,knanuccioio6
872,cklosgeso7@pcworld.com,rF0!X9S8,wcarraneo7
873,alittlejohno8@noaa.gov,qU1#J(\`IO)P%O<V,jlaysono8
874,tmatterseyo9@jimdo.com,wM4'Pr{D$lnj,tlovekino9
875,sshowenoa@cnn.com,mE9+y%FcI'nv6,bbleasoa
876,aorhtmannob@hud.gov,jD9&u6YPbt~0<Y,cmcorkillob
877,soferoc@sina.com.cn,cR6~/w#750b(},gkeoghaneoc
878,lknightod@feedburner.com,yS7/vfR#8,lskittleod
879,tlutonoe@flickr.com,yA8}SOd>m7J8iz2T,dwhippleoe
880,syanyshevof@1688.com,yQ5#viDx\n{i!CT',tgadieof
881,dboateog@deviantart.com,tM9$}>%nne,ischniederog
882,tferrooh@about.com,"jT2~Z3""q1J+",votridgeoh
883,jlaslettoi@hostgator.com,"pO3,W?P`@)Tn4NC""",spadelloi
884,sdunphieoj@gravatar.com,vW3''\4ar0Va3x,kgrabiecoj
885,lmattocksok@patch.com,"iG7!mb_3""mW4P>N(",psaillok
886,ojakobssenol@squidoo.com,dF6.6pj9R&,mriceol
887,dcreberom@wix.com,mN3?dbO+,dmcclayom
888,choltumon@lycos.com,lH3}?%Ys_wXc*K,ckiltieon
889,aamoroo@tinyurl.com,tD9=yT=iuc'*>#.,dwitherdenoo
890,ksprigingsop@ftc.gov,yH2/Co%k2hl,oandreiniop
891,phowittoq@miibeian.gov.cn,oR9%?zXXIA}KWU4V,bsimeolioq
892,bpetrolor@wsj.com,"qL5""Ps#lgzzgF",istorekor
893,igratlandos@about.com,fT3~qDk/jj,hupcottos
894,ajanssonot@hexun.com,wB6=5/Ns5V|m6Er,dhampshawot
895,bdoogoodou@icq.com,gU5`$zgai,glegonou
896,omoremanov@cpanel.net,bD9>t{Wt}@,ibohanov
897,nrenaultow@addtoany.com,nG5/7%'HO7,nprimakow
898,bgosneyox@google.de,rS4@q<*n5,abarnacloughox
899,efinnemoreoy@yellowpages.com,kY7'Ob5gs,mhailoy
900,wminchintonoz@bandcamp.com,"fH6.9""{fo#",mframminghamoz
901,hloviep0@google.cn,rY2=71Nk=BU&S@,kcroalp0
902,ucortezp1@ocn.ne.jp,"pW6""T\1G",kkeninghamp1
903,jnerneyp2@jugem.jp,nM5+XEUe9.d8s,mneatep2
904,gworganp3@e-recht24.de,hF9/`|/vonTY{,kpendredp3
905,rsinderlandp4@eepurl.com,zF8<qTs>6|xj,tpescottp4
906,etregidop5@ameblo.jp,jG9#a(oJy</v=B8,zofogertyp5
907,adewanp6@surveymonkey.com,"oD8""m1S/5OB)xdUt",cgoodap6
908,kskillingp7@baidu.com,"qB1\X""mPGjl~xo`A",rcrockleyp7
909,vwainerp8@bandcamp.com,gR9*Fbme44<@}}zA,ablodgp8
910,sgladebeckp9@clickbank.net,"nB5`d5yDVSm,&c",imorettop9
911,hrickerpa@gravatar.com,rU5#zV`#,mgovanpa
912,jprattinpb@gov.uk,mY3>ra7D!0!ZX.+Y,hjosselpb
913,lbakhrushkinpc@ocn.ne.jp,wF3?%m.7v>Si3pQM,sradbournpc
914,vallseppd@sogou.com,gM7{3Ar0&qc%$\,hobinpd
915,avillarpe@springer.com,cS1}B2t%`,aerteltpe
916,cklimentyevpf@unesco.org,gK3&dLPS3JY,vambrodipf
917,ccrimespg@deliciousdays.com,lX3>e9{F~t,traschpg
918,mmenureph@google.pl,wS3='R%dx~V,ngollingph
919,jearlpi@fotki.com,lD8/I7n*zb.0,lcaldairoupi
920,johartnedypj@marriott.com,sF3\OPs!a,vnewallpj
921,ytiddypk@so-net.ne.jp,hE8`wtXd0Gk1,asoperpk
922,ibrickseypl@bloglines.com,nW0@SNe6Z,jlampingpl
923,whawsonpm@lulu.com,oL4)k>k#p}aB8?Jx,rbellisspm
924,dlelliottpn@google.com,iN4#!=(6,sdinwoodiepn
925,efuentezpo@creativecommons.org,nQ8%FY?eJ0FQM,phovingtonpo
926,jsmithermanpp@angelfire.com,"yU1}+>Cn~@*YjH,",agillespiepp
927,amickanpq@twitter.com,sI4#SKfMk,rflorispq
928,jolifardpr@ft.com,"jH6""PfJOC",bwadhampr
929,iprestneyps@fastcompany.com,"fN2=A,02y(",mwellandps
930,zbalchenpt@ca.gov,mI0{mW\36,kvillapt
931,abradickpu@multiply.com,"gL2>6oA4""",gformoypu
932,awinterbornepv@paginegialle.it,cE7'|L4o,jbonypv
933,hhellingpw@globo.com,iD4/S~MrH_,plegricepw
934,jtrimbeypx@usnews.com,qF8)3k|l,mlindsleypx
935,kjanwaypy@ow.ly,sC4?}sbV&)5K!,hmagennypy
936,hrodrigopz@ebay.com,yP1_XTi2v*Cx,sbannisterpz
937,ndeniskeq0@youtube.com,mN0%U}Bu%,rroscamq0
938,bsonesq1@squarespace.com,bF5.<mG~I_,abegginiq1
939,yprofferq2@narod.ru,"xB2=,as\ofTd@$<",eeppsq2
940,xcumptonq3@mapquest.com,"pQ7$""o~SY2S8w",snipperq3
941,bdeaveq4@theatlantic.com,"uW0(t,@c",mhightownq4
942,sromaynesq5@ifeng.com,zX3?=Ls'VR8Z,rkalinskyq5
943,mschraderq6@instagram.com,gR8)\|OlLh`3,mrabidgeq6
944,tspinkeq7@imageshack.us,gE7*pd!#/i}?W,csneakerq7
945,rdixseeq8@moonfruit.com,wD5``nc6\mwx',ckhomishinq8
946,citzkovitchq9@amazon.co.uk,cT9+Seyw$`>77mH,aangearq9
947,emcgrowtherqa@theatlantic.com,tJ2(o~53u!zrg(,fkleinsingerqa
948,rjarrittqb@naver.com,"sP5,fpB+iZC",tgirkinqb
949,abarthelmeqc@auda.org.au,tV6)bKnV,gcarlisleqc
950,roffillqd@cocolog-nifty.com,fY4&T5e2/lA+(6T,cfidoqd
951,gwhichelowqe@hhs.gov,qD4+N!cjHQu,jmcgennisqe
952,dmacgeaneyqf@pcworld.com,jF5'L5<B9G`&,nstollsteinerqf
953,usilvermanqg@irs.gov,gZ7}=aq#ow)4T`1,sclementsqg
954,mgrishenkovqh@vimeo.com,vD6~@_!*0!5F+,pallstonqh
955,bdaldanqi@engadget.com,xY3$sA?A,epinksqi
956,rnoahqj@creativecommons.org,tR4\|oA1Ee3d6W|,mgrzesiewiczqj
957,odensonqk@huffingtonpost.com,yA2\1$A0,gfawleyqk
958,cmorantql@telegraph.co.uk,aC4~X@v5cN$,hoconnelql
959,mklausqm@mapquest.com,tN6_+y5B+u,ssimakqm
960,kgiddyqn@sohu.com,"sM9={\KS,zuh.|Y",jsidsaffqn
961,jbrimblecombqo@list-manage.com,gC6'!q7'eM4Hu,kberriganqo
962,cdorninqp@vk.com,sQ9<%{HNbyHWr,lguyanqp
963,qyurocjhinqq@wordpress.com,qX7<8@W7dks3!9,scheaterqq
964,lfeedhamqr@stanford.edu,cQ1.!JNAX,cstormonthqr
965,vlutenqs@aol.com,pT4..CwjY$l'6,ndinseyqs
966,kgemmellqt@hubpages.com,jK2&k}TTvm8KSA/,srobbieqt
967,mburdekinqu@scientificamerican.com,"nT7,m!@5b3",nloveittqu
968,ghaldenbyqv@pbs.org,jB9@E0U.>>H,kespadateqv
969,rfassbenderqw@hhs.gov,xN3(Y$3A8hacEM#,ajanuarystqw
970,dbarsonqx@si.edu,dN4`VIG.({,vmatuschekqx
971,bcoasterqy@plala.or.jp,lK8\}!.Aow.Bp,lmuttonqy
972,rcolyerqz@statcounter.com,vS8>RV~1z'MT,toganesianqz
973,agabbitisr0@wordpress.com,"sW9""Z=IuUuRYQw6",kcreswellr0
974,tfurphyr1@phpbb.com,"fS7,'gMk8z",bkoubur1
975,hrosendaler2@mediafire.com,hB1)56UakeekSS)x,gsafferr2
976,cmcarter3@harvard.edu,zD8=(f.%Fpg*KlT,lmaylourr3
977,rsollarsr4@usnews.com,jR6+vRrWw())M>q,ebockmasterr4
978,abouldsr5@wikimedia.org,"sT8%?Q""j_v",jkeetleyr5
979,lhosierr6@squidoo.com,iS1<plzc,kwilletsr6
980,dbetunr7@ft.com,dS7~2=oO1A)DU9%,ttathacottr7
981,mrickerdr8@foxnews.com,vI3`|3UF!`dE?(xt,soshieldsr8
982,kbeentjesr9@comcast.net,rG2'j>HoR(Z_UH#,gbernhartr9
983,fscrasera@wired.com,vS8+ib*Z,ahardyra
984,kciccottirb@dion.ne.jp,zT2&/Z{bC,gdiruggerorb
985,marranrc@bigcartel.com,bS9+Gw4*40@qT',vkemingrc
986,mdeeleyrd@ucoz.com,eV0.RxUTMYTPzHno,byeatsrd
987,ofaccinire@mozilla.org,"aX1""$*Os.qe~K",smccuddenre
988,tdenseyrf@rambler.ru,oJ6/B(C\6rf,dspottiswoodrf
989,rbustrg@joomla.org,"wK1?bOaWF*t}ZS,",tracciorg
990,sromagosarh@nifty.com,oE9.5yV52#@8,lzaniolettirh
991,mdefreyneri@networkadvertising.org,gU7<GJND,kguyerri
992,egadsdonrj@free.fr,kE7$eA+2=&,dbarouxrj
993,ochaikovskirk@sogou.com,sX6_!V0'8%4o,gdowkerrk
994,imeritrl@ted.com,"cF3"")x""}c8Dn8",rollierrl
995,aburstonrm@dailymail.co.uk,vZ2{a2<NVTWciq,jhatclifferm
996,jrobartrn@admin.ch,"oI6.?gtDZl&*""",kbilbeyrn
997,cmccliffertyro@uol.com.br,tB0*3s4U|,afullstonero
998,cmaccurleyrp@si.edu,mQ4/?L|'fm!x,lbillionrp
999,gzanrerq@google.ca,uF6*?WeTbt?2i,nmarielrq
1000,holifferr@tripadvisor.com,cA1$#8@j,sbegleyrr
